group,,NODE COUNT,EDGE COUNT,STORED NODE COUNT,STORED EDGE COUNT,EPSILON,MEMORY USAGE GRAPH,MEMORY USAGE FINAL,FROM,TO,FROM INTERNAL,TO INTERNAL,COST,BEELINE DISTANCE,RATIO,TREE SIZE,QUEUE PULL COUNT,QUEUE PUSH COUNT,QUEUE MAX SIZE,EDGES_CHECKED,TIME,PATH,,Ratio MAX,Ratio AVG,,Time MAX,Time AVG
visibility,0,826150,721394892,826150,721394892,0,20528.7,,100353,245433,100353,245433,1898680,1835600,1,0,780371,2607534,2125693,202805904,1147,,,,,,,
visibility,0,826150,721394892,826150,721394892,0,20528.7,,103776,53446,103776,53446,1749790,1723250,1,0,31777,317383,2125693,22629141,357,,,,,,,
visibility,0,826150,721394892,826150,721394892,0,20528.7,,106361,285754,106361,285754,1128630,1116720,1,0,109569,773797,2293701,41493614,275,,,,,,,
visibility,0,826150,721394892,826150,721394892,0,20528.7,,112028,145682,112028,145682,729050,695784,1,0,64626,723225,2293701,54645999,343,,,,,,,
visibility,0,826150,721394892,826150,721394892,0,20528.7,,11238,218247,11238,218247,1114680,1095100,1,0,73467,673436,3529036,23557717,200,,,,,,,
visibility,0,826150,721394892,826150,721394892,0,20528.7,,112644,286411,112644,286411,634486,634486,1,0,2,18762,3529036,19461,1,,,,,,,
visibility,0,826150,721394892,826150,721394892,0,20528.7,,11290,28216,11290,28216,687004,641831,1,0,263727,1472061,2641540,71585976,504,,,,,,,
visibility,0,826150,721394892,826150,721394892,0,20528.7,,117177,282539,117177,282539,1896910,1779260,1,0,84780,580301,2293701,49751826,319,,,,,,,
visibility,0,826150,721394892,826150,721394892,0,20528.7,,120131,50533,120131,50533,2000600,1895080,1,0,68803,672082,2293701,51715428,347,,,,,,,
visibility,0,826150,721394892,826150,721394892,0,20528.7,,121423,60231,121423,60231,2037700,1830000,1,0,768838,2404680,3529036,231944492,1296,,,,,,,
visibility,0,826150,721394892,826150,721394892,0,20528.7,,124824,270697,124824,270697,1607630,1593870,1,0,33215,811789,2293701,22094739,177,,,,,,,
visibility,0,826150,721394892,826150,721394892,0,20528.7,,13462,214846,13462,214846,818694,776680,1,0,211326,1372826,2293701,62824722,342,,,,,,,
visibility,0,826150,721394892,826150,721394892,0,20528.7,,134800,311519,134800,311519,299646,273460,1,0,8989,173230,2125693,6830879,179,,,,,,,
visibility,0,826150,721394892,826150,721394892,0,20528.7,,135629,201250,135629,201250,494316,419776,1,0,504184,1641790,2641540,104775481,530,,,,,,,
visibility,0,826150,721394892,826150,721394892,0,20528.7,,135831,89159,135831,89159,165205,165143,1,0,247,57878,3529036,530281,6,,,,,,,
visibility,0,826150,721394892,826150,721394892,0,20528.7,,136523,163144,136523,163144,420448,406588,1,0,38088,423251,2293701,17910130,118,,,,,,,
visibility,0,826150,721394892,826150,721394892,0,20528.7,,146416,76510,146416,76510,732653,600110,1,0,217291,1163573,3529036,95101359,1275,,,,,,,
visibility,0,826150,721394892,826150,721394892,0,20528.7,,155191,102627,155191,102627,2251480,2199570,1,0,410358,2926372,2641540,147602718,1010,,,,,,,
visibility,0,826150,721394892,826150,721394892,0,20528.7,,156666,132323,156666,132323,293188,267150,1,0,36830,546378,2293701,25787585,120,,,,,,,
visibility,0,826150,721394892,826150,721394892,0,20528.7,,157681,221267,157681,221267,1365070,1361500,1,0,24505,473489,2641540,23792326,169,,,,,,,
visibility,0,826150,721394892,826150,721394892,0,20528.7,,159386,222486,159386,222486,811079,788823,1,0,218405,2001934,2125693,78620055,431,,,,,,,
visibility,0,826150,721394892,826150,721394892,0,20528.7,,159739,47987,159739,47987,290409,283122,1,0,18962,487949,3529036,7226939,37,,,,,,,
visibility,0,826150,721394892,826150,721394892,0,20528.7,,167202,249504,167202,249504,290085,269188,1,0,18051,304386,2125693,11297270,172,,,,,,,
visibility,0,826150,721394892,826150,721394892,0,20528.7,,171334,64032,171334,64032,2004870,1918390,1,0,771428,2904650,2293701,231762277,1332,,,,,,,
visibility,0,826150,721394892,826150,721394892,0,20528.7,,171612,36317,171612,36317,60783.4,42697.7,1,0,11190,150098,2293701,5727334,47,,,,,,,
visibility,0,826150,721394892,826150,721394892,0,20528.7,,178118,200327,178118,200327,326561,279846,1,0,36632,393961,2293701,17381215,91,,,,,,,
visibility,0,826150,721394892,826150,721394892,0,20528.7,,185756,281850,185756,281850,2719360,2570290,1,0,720983,3014638,2293701,183199319,1352,,,,,,,
visibility,0,826150,721394892,826150,721394892,0,20528.7,,196470,276692,196470,276692,943635,914810,1,0,74382,1172577,2293701,38606256,261,,,,,,,
visibility,0,826150,721394892,826150,721394892,0,20528.7,,201384,127555,201384,127555,363859,328523,1,0,100233,564351,2293701,33064591,370,,,,,,,
visibility,0,826150,721394892,826150,721394892,0,20528.7,,2065,280332,2065,280332,409182,391108,1,0,34647,504412,2641540,22695848,263,,,,,,,
visibility,0,826150,721394892,826150,721394892,0,20528.7,,207980,180071,207980,180071,796055,716492,1,0,251301,993796,2293701,61744327,547,,,,,,,
visibility,0,826150,721394892,826150,721394892,0,20528.7,,208255,255985,208255,255985,268183,185629,1,0,4010,46820,2293701,746778,137,,,,,,,
visibility,0,826150,721394892,826150,721394892,0,20528.7,,208269,18812,208269,18812,497975,396546,1,0,137235,658151,2293701,42900625,309,,,,,,,
visibility,0,826150,721394892,826150,721394892,0,20528.7,,208302,276899,208302,276899,366418,297757,1,0,13131,257085,3529036,6284187,293,,,,,,,
visibility,0,826150,721394892,826150,721394892,0,20528.7,,209995,150692,209995,150692,252027,226964,1,0,13331,226672,2641540,5992501,60,,,,,,,
visibility,0,826150,721394892,826150,721394892,0,20528.7,,210700,291097,210700,291097,889623,848859,1,0,489294,1967691,2293701,119270022,681,,,,,,,
visibility,0,826150,721394892,826150,721394892,0,20528.7,,212285,18560,212285,18560,672704,641766,1,0,142155,1248800,3529036,58826600,572,,,,,,,
visibility,0,826150,721394892,826150,721394892,0,20528.7,,214452,184355,214452,184355,1223160,1174700,1,0,695799,2401069,2641540,177632060,1062,,,,,,,
visibility,0,826150,721394892,826150,721394892,0,20528.7,,216097,268609,216097,268609,1218030,1163910,1,0,476815,1848947,2293701,140141498,1061,,,,,,,
visibility,0,826150,721394892,826150,721394892,0,20528.7,,219459,44436,219459,44436,20359.5,20316.4,1,0,18,601,3529036,1715,0,,,,,,,
visibility,0,826150,721394892,826150,721394892,0,20528.7,,225229,205799,225229,205799,1551850,1298910,1,0,434860,1884684,3529036,155089687,783,,,,,,,
visibility,0,826150,721394892,826150,721394892,0,20528.7,,225777,230628,225777,230628,669230,669230,1,0,2,26626,3529036,29352,1,,,,,,,
visibility,0,826150,721394892,826150,721394892,0,20528.7,,227546,45838,227546,45838,1339250,1330950,1,0,15277,1077223,2293701,15223006,90,,,,,,,
visibility,0,826150,721394892,826150,721394892,0,20528.7,,229070,2511,229070,2511,1941450,1941290,1,0,1590,394670,2125693,4492145,36,,,,,,,
visibility,0,826150,721394892,826150,721394892,0,20528.7,,230598,252175,230598,252175,1617840,1607360,1,0,116706,1692454,2125693,66792553,482,,,,,,,
visibility,0,826150,721394892,826150,721394892,0,20528.7,,240269,222852,240269,222852,698680,698677,1,0,82,17312,2293701,236688,1,,,,,,,
visibility,0,826150,721394892,826150,721394892,0,20528.7,,244039,77660,244039,77660,2008750,1754690,1,0,634202,3275728,2641540,121366605,1278,,,,,,,
visibility,0,826150,721394892,826150,721394892,0,20528.7,,2503,260053,2503,260053,498553,481752,1,0,89643,839305,3529036,43394387,317,,,,,,,
visibility,0,826150,721394892,826150,721394892,0,20528.7,,250737,44980,250737,44980,2601040,2569460,1,0,321724,3844911,3529036,124869291,737,,,,,,,
visibility,0,826150,721394892,826150,721394892,0,20528.7,,252635,222632,252635,222632,720822,652615,1,0,126414,1050631,2293701,73048696,472,,,,,,,
visibility,0,826150,721394892,826150,721394892,0,20528.7,,254463,257466,254463,257466,68471.3,63289.9,1,0,4804,131724,2641540,3486463,48,,,,,,,
visibility,0,826150,721394892,826150,721394892,0,20528.7,,256508,290308,256508,290308,298334,297965,1,0,271,23136,3529036,405290,5,,,,,,,
visibility,0,826150,721394892,826150,721394892,0,20528.7,,256701,218392,256701,218392,968583,968583,1,0,2,13407,2641540,14365,0,,,,,,,
visibility,0,826150,721394892,826150,721394892,0,20528.7,,260915,211381,260915,211381,492064,478641,1,0,76117,1202301,2293701,28567428,150,,,,,,,
visibility,0,826150,721394892,826150,721394892,0,20528.7,,263667,35122,263667,35122,364678,361936,1,0,3501,137599,2293701,2188345,28,,,,,,,
visibility,0,826150,721394892,826150,721394892,0,20528.7,,264194,150834,264194,150834,543761,454664,1,0,13000,218568,2125693,15908397,627,,,,,,,
visibility,0,826150,721394892,826150,721394892,0,20528.7,,267291,194524,267291,194524,1506480,1467280,1,0,546817,2566094,3529036,173977343,1397,,,,,,,
visibility,0,826150,721394892,826150,721394892,0,20528.7,,269468,193105,269468,193105,244364,242744,1,0,486,126272,277005,782116,37,,,,,,,
visibility,0,826150,721394892,826150,721394892,0,20528.7,,270068,60551,270068,60551,1836550,1832310,1,0,7279,756412,2293701,14478625,116,,,,,,,
visibility,0,826150,721394892,826150,721394892,0,20528.7,,271975,300368,271975,300368,313524,271911,1,0,44754,558595,3529036,46448074,205,,,,,,,
visibility,0,826150,721394892,826150,721394892,0,20528.7,,274010,106633,274010,106633,535132,507512,1,0,19502,224882,2125693,4772790,233,,,,,,,
visibility,0,826150,721394892,826150,721394892,0,20528.7,,280588,266470,280588,266470,253677,253661,1,0,69,84599,3529036,328435,3,,,,,,,
visibility,0,826150,721394892,826150,721394892,0,20528.7,,283317,67096,283317,67096,3140740,3098180,1,0,289966,3075062,3529036,157918770,1692,,,,,,,
visibility,0,826150,721394892,826150,721394892,0,20528.7,,283364,205546,283364,205546,2953920,2434750,1,0,1203535,2750644,3529036,257086906,1732,,,,,,,
visibility,0,826150,721394892,826150,721394892,0,20528.7,,284500,97590,284500,97590,1394060,1321620,1,0,54027,635526,3529036,33267015,579,,,,,,,
visibility,0,826150,721394892,826150,721394892,0,20528.7,,286468,230337,286468,230337,585376,552230,1,0,3859,68317,2293701,9984930,102,,,,,,,
visibility,0,826150,721394892,826150,721394892,0,20528.7,,293928,244940,293928,244940,2620650,2577540,1,0,62441,954265,2293701,37245820,915,,,,,,,
visibility,0,826150,721394892,826150,721394892,0,20528.7,,295924,52636,295924,52636,517827,511520,1,0,148,50015,3529036,251507,2,,,,,,,
visibility,0,826150,721394892,826150,721394892,0,20528.7,,299114,158316,299114,158316,735984,712706,1,0,43443,852081,2641540,39434230,288,,,,,,,
visibility,0,826150,721394892,826150,721394892,0,20528.7,,301212,140855,301212,140855,285053,279300,1,0,862,44684,2293701,1753396,64,,,,,,,
visibility,0,826150,721394892,826150,721394892,0,20528.7,,307169,66758,307169,66758,1902820,1853710,1,0,347149,3134662,3529036,129044345,704,,,,,,,
visibility,0,826150,721394892,826150,721394892,0,20528.7,,30741,28355,30741,28355,421764,345722,1,0,46834,455146,3529036,33183583,206,,,,,,,
visibility,0,826150,721394892,826150,721394892,0,20528.7,,307515,196385,307515,196385,949974,914072,1,0,106099,770364,3529036,37373018,355,,,,,,,
visibility,0,826150,721394892,826150,721394892,0,20528.7,,312683,286715,312683,286715,1367480,1349800,1,0,7716,558388,2293701,13440871,339,,,,,,,
visibility,0,826150,721394892,826150,721394892,0,20528.7,,313705,60,313705,60,234021,232499,1,0,1819,278822,277005,3734011,39,,,,,,,
visibility,0,826150,721394892,826150,721394892,0,20528.7,,33339,251565,33339,251565,703606,670723,1,0,87444,815328,2293701,40390474,568,,,,,,,
visibility,0,826150,721394892,826150,721394892,0,20528.7,,45717,285563,45717,285563,1341170,1304620,1,0,46555,992201,2641540,57288388,476,,,,,,,
visibility,0,826150,721394892,826150,721394892,0,20528.7,,46058,2626,46058,2626,1714140,1713890,1,0,2724,401258,2293701,8154403,63,,,,,,,
visibility,0,826150,721394892,826150,721394892,0,20528.7,,51477,177553,51477,177553,445548,432388,1,0,16506,97814,2125693,11666760,164,,,,,,,
visibility,0,826150,721394892,826150,721394892,0,20528.7,,54725,157558,54725,157558,942239,907417,1,0,570328,1837328,2125693,140155269,758,,,,,,,
visibility,0,826150,721394892,826150,721394892,0,20528.7,,55240,213731,55240,213731,186915,171069,1,0,12423,204441,3529036,5561726,40,,,,,,,
visibility,0,826150,721394892,826150,721394892,0,20528.7,,56910,291244,56910,291244,468581,452334,1,0,109114,933995,2641540,57406765,270,,,,,,,
visibility,0,826150,721394892,826150,721394892,0,20528.7,,57661,173531,57661,173531,1037470,991375,1,0,661107,2343096,2293701,172503959,991,,,,,,,
visibility,0,826150,721394892,826150,721394892,0,20528.7,,61451,155501,61451,155501,375567,362148,1,0,40581,570687,2125693,22848806,222,,,,,,,
visibility,0,826150,721394892,826150,721394892,0,20528.7,,64659,220476,64659,220476,2506000,2501330,1,0,10231,377122,3529036,11262378,136,,,,,,,
visibility,0,826150,721394892,826150,721394892,0,20528.7,,65620,79082,65620,79082,295731,226369,1,0,11187,157626,2293701,3756864,157,,,,,,,
visibility,0,826150,721394892,826150,721394892,0,20528.7,,68148,150537,68148,150537,667039,581423,1,0,112825,708497,3529036,27834404,394,,,,,,,
visibility,0,826150,721394892,826150,721394892,0,20528.7,,68309,264183,68309,264183,649721,550201,1,0,853600,1992691,3529036,168227441,955,,,,,,,
visibility,0,826150,721394892,826150,721394892,0,20528.7,,68393,193227,68393,193227,3032060,3000730,1,0,464817,3993787,3529036,229901586,1711,,,,,,,
visibility,0,826150,721394892,826150,721394892,0,20528.7,,70900,271211,70900,271211,2241380,2198280,1,0,85845,1197126,3529036,46313424,507,,,,,,,
visibility,0,826150,721394892,826150,721394892,0,20528.7,,73031,303368,73031,303368,321058,303342,1,0,25113,714319,2293701,21580760,139,,,,,,,
visibility,0,826150,721394892,826150,721394892,0,20528.7,,74375,173016,74375,173016,602125,562876,1,0,53438,299754,277005,9758808,192,,,,,,,
visibility,0,826150,721394892,826150,721394892,0,20528.7,,77928,304638,77928,304638,1342200,1258780,1,0,265461,2235183,2293701,101831756,833,,,,,,,
visibility,0,826150,721394892,826150,721394892,0,20528.7,,80408,139274,80408,139274,1607870,1590210,1,0,23584,615219,3529036,23559329,391,,,,,,,
visibility,0,826150,721394892,826150,721394892,0,20528.7,,82301,195089,82301,195089,1443110,1269520,1,0,1244705,3220207,2125693,276882370,1296,,,,,,,
visibility,0,826150,721394892,826150,721394892,0,20528.7,,84312,151633,84312,151633,389545,348837,1,0,14377,199533,2125693,4104409,195,,,,,,,
visibility,0,826150,721394892,826150,721394892,0,20528.7,,87720,268776,87720,268776,192129,192129,1,0,8,7655,3529036,13071,0,,,,,,,
visibility,0,826150,721394892,826150,721394892,0,20528.7,,90548,280371,90548,280371,184417,169930,1,0,4522,97714,2641540,3988237,53,,,,,,,
visibility,0,826150,721394892,826150,721394892,0,20528.7,,90790,252414,90790,252414,202624,200035,1,0,6608,289336,2293701,6289127,66,,,,,,,
visibility,0,826150,721394892,826150,721394892,0,20528.7,,96677,147337,96677,147337,396540,362019,1,0,148419,719986,3529036,46792221,263,,,1,1,,1732,426.96
approximate_02,0,128419021,42987181022,826149,2091254,0.2,220.461,,100353,245433,279903:0,671311:0,1901070,1835600,1.00125876925022,0,63756550,63784578,56539,196834028,76039,,,,,,,
approximate_02,0,128419021,42987181022,826149,2091254,0.2,220.461,,103776,53446,289342:0,150926:0,1752260,1723250,1.00141159796318,0,5807992,5819167,34619,17973666,6028,,,,,,,
approximate_02,0,128419021,42987181022,826149,2091254,0.2,220.461,,106361,285754,296615:0,791196:0,1130850,1116720,1.00196698652348,0,12244385,12258122,77568,37980400,13436,,,,,,,
approximate_02,0,128419021,42987181022,826149,2091254,0.2,220.461,,112028,145682,311847:0,399440:0,729891,695784,1.00115355599753,0,12518249,12540467,56539,39351060,13910,,,,,,,
approximate_02,0,128419021,42987181022,826149,2091254,0.2,220.461,,11238,218247,31629:0,595205:0,1116890,1095100,1.0019826317867,0,10520505,10541206,88853,32755209,11312,,,,,,,
approximate_02,0,128419021,42987181022,826149,2091254,0.2,220.461,,112644,286411,313628:0,793069:0,635451,634486,1.00152091614315,0,138002,141242,88853,461518,126,,,,,,,
approximate_02,0,128419021,42987181022,826149,2091254,0.2,220.461,,11290,28216,31794:0,79810:0,687895,641831,1.00129693568014,0,30362052,30387883,77568,94523603,35554,,,,,,,
approximate_02,0,128419021,42987181022,826149,2091254,0.2,220.461,,117177,282539,324494:0,782174:0,1899290,1779260,1.00125467207195,0,11218625,11229107,77568,35020786,11687,,,,,,,
approximate_02,0,128419021,42987181022,826149,2091254,0.2,220.461,,120131,50533,332569:0,142957:0,2003040,1895080,1.00121963410977,0,11580442,11597046,77568,35974610,11923,,,,,,,
approximate_02,0,128419021,42987181022,826149,2091254,0.2,220.461,,121423,60231,336065:0,169163:0,2041010,1830000,1.00162438042891,0,75539323,75559185,88853,232825792,86285,,,,,,,
approximate_02,0,128419021,42987181022,826149,2091254,0.2,220.461,,124824,270697,344965:0,744051:0,1610120,1593870,1.00154886385549,0,5678463,5696055,56539,17749883,6050,,,,,,,
approximate_02,0,128419021,42987181022,826149,2091254,0.2,220.461,,13462,214846,37856:0,585740:0,819799,776680,1.0013497106367,0,24740225,24760510,77568,77272327,29644,,,,,,,
approximate_02,0,128419021,42987181022,826149,2091254,0.2,220.461,,134800,311519,370434:0,866899:0,299995,273460,1.00116470768841,0,2317627,2330498,34317,7328736,2184,,,,,,,
approximate_02,0,128419021,42987181022,826149,2091254,0.2,220.461,,135629,201250,372843:0,547216:0,494985,419776,1.00135338528391,0,39442295,39466143,77568,122187827,45592,,,,,,,
approximate_02,0,128419021,42987181022,826149,2091254,0.2,220.461,,135831,89159,373449:0,249510:0,165417,165143,1.0012832541388,0,282103,289720,88853,902377,273,,,,,,,
approximate_02,0,128419021,42987181022,826149,2091254,0.2,220.461,,136523,163144,375250:0,445071:0,420901,406588,1.00107742217825,0,6313958,6328876,77568,19814519,6477,,,,,,,
approximate_02,0,128419021,42987181022,826149,2091254,0.2,220.461,,146416,76510,401350:0,214305:0,733880,600110,1.00167473551599,0,27875592,27892463,88853,86845507,30654,,,,,,,
approximate_02,0,128419021,42987181022,826149,2091254,0.2,220.461,,155191,102627,424311:0,286110:0,2254950,2199570,1.00154120844955,0,40868891,40903249,77568,125994393,48499,,,,,,,
approximate_02,0,128419021,42987181022,826149,2091254,0.2,220.461,,156666,132323,428258:0,364051:0,293609,267150,1.00143593871509,0,6441329,6451004,56539,19810691,6313,,,,,,,
approximate_02,0,128419021,42987181022,826149,2091254,0.2,220.461,,157681,221267,430965:0,603871:0,1366480,1361500,1.00103291406302,0,6540935,6568960,77568,21394694,8061,,,,,,,
approximate_02,0,128419021,42987181022,826149,2091254,0.2,220.461,,159386,222486,435710:0,607136:0,813365,788823,1.00281846774482,0,22395810,22409720,34317,69928731,25443,,,,,,,
approximate_02,0,128419021,42987181022,826149,2091254,0.2,220.461,,159739,47987,436697:0,135862:0,290843,283122,1.00149444404271,0,3085798,3098798,88853,9574847,3222,,,,,,,
approximate_02,0,128419021,42987181022,826149,2091254,0.2,220.461,,167202,249504,455415:0,683347:0,290520,269188,1.00149956047365,0,3465023,3485528,34619,11006302,3338,,,,,,,
approximate_02,0,128419021,42987181022,826149,2091254,0.2,220.461,,171334,64032,466075:0,179664:0,2007710,1918390,1.00141655069905,0,70365318,70394743,56539,217173451,84521,,,,,,,
approximate_02,0,128419021,42987181022,826149,2091254,0.2,220.461,,171612,36317,466853:0,103171:0,60914.1,42697.7,1.00215025812969,0,2678877,2688002,77568,8270131,2547,,,,,,,
approximate_02,0,128419021,42987181022,826149,2091254,0.2,220.461,,178118,200327,483918:0,544702:0,327126,279846,1.00173015148778,0,5042174,5057492,56539,15695726,4775,,,,,,,
approximate_02,0,128419021,42987181022,826149,2091254,0.2,220.461,,185756,281850,504268:0,780227:0,2723580,2570290,1.00155183572605,0,63396556,63424908,56539,196892902,71915,,,,,,,
approximate_02,0,128419021,42987181022,826149,2091254,0.2,220.461,,196470,276692,533377:0,763573:0,944990,914810,1.00143593656446,0,12522339,12544488,56539,39673735,13277,,,,,,,
approximate_02,0,128419021,42987181022,826149,2091254,0.2,220.461,,201384,127555,547655:0,351892:0,364471,328523,1.00168197021374,0,13903400,13921627,77568,43047055,15587,,,,,,,
approximate_02,0,128419021,42987181022,826149,2091254,0.2,220.461,,2065,280332,5841:0,775459:0,409799,391108,1.00150788646617,0,7414244,7438984,77568,23422212,8208,,,,,,,
approximate_02,0,128419021,42987181022,826149,2091254,0.2,220.461,,207980,180071,566945:0,489113:0,797128,716492,1.00134789681617,0,28646834,28671814,56539,88352651,31361,,,,,,,
approximate_02,0,128419021,42987181022,826149,2091254,0.2,220.461,,208255,255985,567738:0,700399:0,268658,185629,1.00177117863548,0,971416,982288,56539,2969089,831,,,,,,,
approximate_02,0,128419021,42987181022,826149,2091254,0.2,220.461,,208269,18812,567771:0,53352:0,498804,396546,1.00166474220593,0,18243519,18261291,56539,55977016,19567,,,,,,,
approximate_02,0,128419021,42987181022,826149,2091254,0.2,220.461,,208302,276899,567854:0,764161:0,367167,297757,1.00204411355337,0,3121559,3135815,88853,9799556,2972,,,,,,,
approximate_02,0,128419021,42987181022,826149,2091254,0.2,220.461,,209995,150692,572619:0,412977:0,252438,226964,1.00163077765478,0,2780912,2789128,77568,8701303,2563,,,,,,,
approximate_02,0,128419021,42987181022,826149,2091254,0.2,220.461,,210700,291097,574503:0,806592:0,891024,848859,1.00157482439191,0,50037309,50077106,77568,156232344,62246,,,,,,,
approximate_02,0,128419021,42987181022,826149,2091254,0.2,220.461,,212285,18560,578729:0,52635:0,673902,641766,1.00178087241937,0,23862747,23904672,88853,74804851,29383,,,,,,,
approximate_02,0,128419021,42987181022,826149,2091254,0.2,220.461,,214452,184355,584629:0,500364:0,1225270,1174700,1.00172504006017,0,70125636,70166552,77568,218498469,90006,,,,,,,
approximate_02,0,128419021,42987181022,826149,2091254,0.2,220.461,,216097,268609,589275:0,738151:0,1219900,1163910,1.00153526596225,0,48700749,48723789,77568,150838309,60459,,,,,,,
approximate_02,0,128419021,42987181022,826149,2091254,0.2,220.461,,219459,44436,598779:0,125960:0,20428.5,20316.4,1.00338908126427,0,11634,12917,88853,37315,8,,,,,,,
approximate_02,0,128419021,42987181022,826149,2091254,0.2,220.461,,225229,205799,614619:0,560389:0,1554830,1298910,1.0019202886877,0,41493121,41508892,88853,127138897,39922,,,,,,,
approximate_02,0,128419021,42987181022,826149,2091254,0.2,220.461,,225777,230628,616065:0,629387:0,670621,669230,1.00207850813622,0,44064,46448,88853,146574,51,,,,,,,
approximate_02,0,128419021,42987181022,826149,2091254,0.2,220.461,,227546,45838,620911:0,129870:0,1341340,1330950,1.00156057494867,0,3416046,3428878,77568,10968184,3655,,,,,,,
approximate_02,0,128419021,42987181022,826149,2091254,0.2,220.461,,229070,2511,625070:0,7084:0,1944580,1941290,1.0016121970692,0,1539684,1567360,34619,5095401,2297,,,,,,,
approximate_02,0,128419021,42987181022,826149,2091254,0.2,220.461,,230598,252175,629310:0,690237:0,1619600,1607360,1.00108787024675,0,17434343,17462002,56539,54475603,19771,,,,,,,
approximate_02,0,128419021,42987181022,826149,2091254,0.2,220.461,,240269,222852,656592:0,608126:0,699823,698677,1.00163594206217,0,1262345,1268281,77568,4104495,1291,,,,,,,
approximate_02,0,128419021,42987181022,826149,2091254,0.2,220.461,,244039,77660,667397:0,217515:0,2011450,1754690,1.00134411947729,0,42658912,42686388,77568,131917930,46894,,,,,,,
approximate_02,0,128419021,42987181022,826149,2091254,0.2,220.461,,2503,260053,7064:0,712876:0,499357,481752,1.00161266705847,0,16093174,16123526,88853,50943828,19577,,,,,,,
approximate_02,0,128419021,42987181022,826149,2091254,0.2,220.461,,250737,44980,686512:0,127524:0,2605640,2569460,1.00176852335989,0,31304769,31340825,88853,96661196,35528,,,,,,,
approximate_02,0,128419021,42987181022,826149,2091254,0.2,220.461,,252635,222632,691378:0,607518:0,721881,652615,1.00146915604685,0,15626302,15642383,56539,48196446,16400,,,,,,,
approximate_02,0,128419021,42987181022,826149,2091254,0.2,220.461,,254463,257466,696080:0,705051:0,68569.8,63289.9,1.00143855892907,0,909228,915937,77568,2741030,800,,,,,,,
approximate_02,0,128419021,42987181022,826149,2091254,0.2,220.461,,256508,290308,701815:0,804365:0,298833,297965,1.00167262196062,0,167092,171598,88853,540887,174,,,,,,,
approximate_02,0,128419021,42987181022,826149,2091254,0.2,220.461,,256701,218392,702451:0,595623:0,970341,968583,1.00181502256389,0,65825,67646,77568,221888,57,,,,,,,
approximate_02,0,128419021,42987181022,826149,2091254,0.2,220.461,,260915,211381,715455:0,576332:0,492666,478641,1.00122341809196,0,11846946,11869702,77568,37573881,13709,,,,,,,
approximate_02,0,128419021,42987181022,826149,2091254,0.2,220.461,,263667,35122,723886:0,99766:0,365307,361936,1.00172480928381,0,1321695,1337290,77568,4235091,1513,,,,,,,
approximate_02,0,128419021,42987181022,826149,2091254,0.2,220.461,,264194,150834,725418:0,413361:0,544604,454664,1.00155031346492,0,3188223,3202188,34619,9996226,3150,,,,,,,
approximate_02,0,128419021,42987181022,826149,2091254,0.2,220.461,,267291,194524,734531:0,527937:0,1509330,1467280,1.00189182730604,0,54774725,54802865,88853,170756390,72164,,,,,,,
approximate_02,0,128419021,42987181022,826149,2091254,0.2,220.461,,269468,193105,740664:0,524270:0,244795,242744,1.00176376225631,0,318665,327660,33404,1038416,304,,,,,,,
approximate_02,0,128419021,42987181022,826149,2091254,0.2,220.461,,270068,60551,742333:0,170025:0,1841210,1832310,1.00253736625738,0,3196139,3207681,56539,10572355,3276,,,,,,,
approximate_02,0,128419021,42987181022,826149,2091254,0.2,220.461,,271975,300368,747952:0,833447:0,313938,271911,1.00132047307383,0,7590585,7610458,88853,23719654,7923,,,,,,,
approximate_02,0,128419021,42987181022,826149,2091254,0.2,220.461,,274010,106633,754944:0,297386:0,536147,507512,1.00189672828386,0,3864535,3882827,34619,12014408,3952,,,,,,,
approximate_02,0,128419021,42987181022,826149,2091254,0.2,220.461,,280588,266470,776429:0,732336:0,254086,253661,1.0016122864903,0,107619,112567,88853,359036,108,,,,,,,
approximate_02,0,128419021,42987181022,826149,2091254,0.2,220.461,,283317,67096,784311:0,188196:0,3145870,3098180,1.00163337302674,0,41837612,41892678,88853,130475286,53336,,,,,,,
approximate_02,0,128419021,42987181022,826149,2091254,0.2,220.461,,283364,205546,784438:0,559649:0,2959630,2434750,1.00193302459105,0,64622399,64631777,88853,198909306,69074,,,,,,,
approximate_02,0,128419021,42987181022,826149,2091254,0.2,220.461,,284500,97590,787683:0,272290:0,1396300,1321620,1.0016068174971,0,8728251,8744266,88853,27093387,8813,,,,,,,
approximate_02,0,128419021,42987181022,826149,2091254,0.2,220.461,,286468,230337,793245:0,628617:0,586287,552230,1.00155626469141,0,913749,917030,77568,2734371,748,,,,,,,
approximate_02,0,128419021,42987181022,826149,2091254,0.2,220.461,,293928,244940,814275:0,669948:0,2624000,2577540,1.00127830881652,0,8902672,8919354,77568,27727558,9908,,,,,,,
approximate_02,0,128419021,42987181022,826149,2091254,0.2,220.461,,295924,52636,819874:0,148747:0,519490,511520,1.00321149727612,0,70481,72746,88853,209805,57,,,,,,,
approximate_02,0,128419021,42987181022,826149,2091254,0.2,220.461,,299114,158316,829182:0,432784:0,737002,712706,1.00138318224309,0,8534291,8560532,77568,26948449,8897,,,,,,,
approximate_02,0,128419021,42987181022,826149,2091254,0.2,220.461,,301212,140855,836119:0,386751:0,285596,279300,1.00190490891168,0,388963,397057,77568,1198373,338,,,,,,,
approximate_02,0,128419021,42987181022,826149,2091254,0.2,220.461,,307169,66758,853802:0,187260:0,1906120,1853710,1.00173426808631,0,35449100,35484431,88853,109242539,39910,,,,,,,
approximate_02,0,128419021,42987181022,826149,2091254,0.2,220.461,,30741,28355,86876:0,80222:0,422378,345722,1.00145579044205,0,7630191,7638448,88853,23574529,7311,,,,,,,
approximate_02,0,128419021,42987181022,826149,2091254,0.2,220.461,,307515,196385,854868:0,533120:0,951569,914072,1.00167899331982,0,12349611,12363833,88853,37618625,12286,,,,,,,
approximate_02,0,128419021,42987181022,826149,2091254,0.2,220.461,,312683,286715,870974:0,793956:0,1369290,1349800,1.00132360253898,0,3613809,3628995,56539,11589982,4159,,,,,,,
approximate_02,0,128419021,42987181022,826149,2091254,0.2,220.461,,313705,60,874197:0,177:0,234487,232499,1.00199127428735,0,956511,972416,15908,3196061,991,,,,,,,
approximate_02,0,128419021,42987181022,826149,2091254,0.2,220.461,,33339,251565,94300:0,688653:0,704979,670723,1.00195137619634,0,14950922,14980078,77568,46205348,16070,,,,,,,
approximate_02,0,128419021,42987181022,826149,2091254,0.2,220.461,,45717,285563,129540:0,790673:0,1342830,1304620,1.00123772526973,0,6800195,6812975,77568,21148986,7263,,,,,,,
approximate_02,0,128419021,42987181022,826149,2091254,0.2,220.461,,46058,2626,130476:0,7393:0,1717260,1713890,1.00182015471315,0,1850537,1877057,56539,6140200,2237,,,,,,,
approximate_02,0,128419021,42987181022,826149,2091254,0.2,220.461,,51477,177553,145539:0,482317:0,446067,432388,1.00116485765843,0,3201275,3209421,56539,10325194,3206,,,,,,,
approximate_02,0,128419021,42987181022,826149,2091254,0.2,220.461,,54725,157558,154329:0,430633:0,943821,907417,1.00167897953704,0,51898639,51944805,56539,161126989,64031,,,,,,,
approximate_02,0,128419021,42987181022,826149,2091254,0.2,220.461,,55240,213731,155730:0,582711:0,187324,171069,1.00218816039376,0,2586739,2595797,88853,7808290,2466,,,,,,,
approximate_02,0,128419021,42987181022,826149,2091254,0.2,220.461,,56910,291244,160222:0,807159:0,469165,452334,1.00124631600513,0,14380888,14407118,77568,44572935,15687,,,,,,,
approximate_02,0,128419021,42987181022,826149,2091254,0.2,220.461,,57661,173531,162177:0,471817:0,1039280,991375,1.00174462876035,0,66856433,66903516,77568,208371728,84909,,,,,,,
approximate_02,0,128419021,42987181022,826149,2091254,0.2,220.461,,61451,155501,172533:0,425179:0,376359,362148,1.00210881147705,0,7950428,7971806,56539,25003775,8868,,,,,,,
approximate_02,0,128419021,42987181022,826149,2091254,0.2,220.461,,64659,220476,181389:0,601666:0,2509600,2501330,1.00143655227454,0,2679628,2691465,88853,8407745,2728,,,,,,,
approximate_02,0,128419021,42987181022,826149,2091254,0.2,220.461,,65620,79082,184007:0,221404:0,296311,226369,1.00196124180421,0,2691951,2715871,77568,8330499,2606,,,,,,,
approximate_02,0,128419021,42987181022,826149,2091254,0.2,220.461,,68148,150537,191184:0,412526:0,668142,581423,1.00165357647754,0,15482149,15499941,88853,48022687,16022,,,,,,,
approximate_02,0,128419021,42987181022,826149,2091254,0.2,220.461,,68309,264183,191633:0,725380:0,650631,550201,1.00140060118112,0,56628429,56651843,88853,174602145,64425,,,,,,,
approximate_02,0,128419021,42987181022,826149,2091254,0.2,220.461,,68393,193227,191860:0,524545:0,3036020,3000730,1.00130604275641,0,52697739,52753294,88853,165214955,70418,,,,,,,
approximate_02,0,128419021,42987181022,826149,2091254,0.2,220.461,,70900,271211,198831:0,745455:0,2244540,2198280,1.00140984572005,0,11163702,11178683,88853,34808020,14581,,,,,,,
approximate_02,0,128419021,42987181022,826149,2091254,0.2,220.461,,73031,303368,204813:0,842842:0,321971,303342,1.00284372294103,0,5760466,5777480,77568,18105902,5766,,,,,,,
approximate_02,0,128419021,42987181022,826149,2091254,0.2,220.461,,74375,173016,208548:0,470379:0,603083,562876,1.00159103176251,0,7965454,7998466,33404,24692517,8104,,,,,,,
approximate_02,0,128419021,42987181022,826149,2091254,0.2,220.461,,77928,304638,218274:0,846370:0,1344240,1258780,1.00151989271346,0,33035049,33062236,56539,103120389,35107,,,,,,,
approximate_02,0,128419021,42987181022,826149,2091254,0.2,220.461,,80408,139274,224991:0,382675:0,1610400,1590210,1.00157351029623,0,4734412,4757563,88853,15150698,4839,,,,,,,
approximate_02,0,128419021,42987181022,826149,2091254,0.2,220.461,,82301,195089,230247:0,529518:0,1445950,1269520,1.00196797194947,0,83168415,83182417,33404,255035347,94240,,,,,,,
approximate_02,0,128419021,42987181022,826149,2091254,0.2,220.461,,84312,151633,235843:0,415425:0,390131,348837,1.00150431914156,0,2571538,2581645,56539,7898350,2354,,,,,,,
approximate_02,0,128419021,42987181022,826149,2091254,0.2,220.461,,87720,268776,245361:0,738719:0,192328,192129,1.00103576243045,0,120742,124077,88853,364002,95,,,,,,,
approximate_02,0,128419021,42987181022,826149,2091254,0.2,220.461,,90548,280371,253348:0,775611:0,184654,169930,1.00128513098033,0,1484716,1491313,77568,4746565,1355,,,,,,,
approximate_02,0,128419021,42987181022,826149,2091254,0.2,220.461,,90790,252414,254051:0,690825:0,202920,200035,1.00146083385976,0,1698762,1717810,77568,5325595,1786,,,,,,,
approximate_02,0,128419021,42987181022,826149,2091254,0.2,220.461,,96677,147337,269891:0,403865:0,397139,362019,1.00151056639935,0,18202217,18224929,88853,55861148,19469,,,1.00338908126427,1.00163733028474,,94240,20392.52
approximate_05,0,44953388,5267949332,826149,2091254,0.5,220.461,,100353,245433,279903:0,671311:0,1911190,1835600,1.00658878800008,0,24647461,24659644,29406,87584854,21540,,,,,,,
approximate_05,0,44953388,5267949332,826149,2091254,0.5,220.461,,103776,53446,289342:0,150926:0,1761940,1723250,1.0069436903857,0,2350332,2354927,18230,8390641,1857,,,,,,,
approximate_05,0,44953388,5267949332,826149,2091254,0.5,220.461,,106361,285754,296615:0,791196:0,1134300,1116720,1.00502378990457,0,4672185,4679244,43331,16736125,3809,,,,,,,
approximate_05,0,44953388,5267949332,826149,2091254,0.5,220.461,,112028,145682,311847:0,399440:0,733188,695784,1.0056758795693,0,4910059,4922228,29406,17770293,4035,,,,,,,
approximate_05,0,44953388,5267949332,826149,2091254,0.5,220.461,,11238,218247,31629:0,595205:0,1120280,1095100,1.00502386335092,0,4044302,4053395,50482,14484331,3323,,,,,,,
approximate_05,0,44953388,5267949332,826149,2091254,0.5,220.461,,112644,286411,313628:0,793069:0,638986,634486,1.00709235507166,0,280086,281015,50482,1033496,215,,,,,,,
approximate_05,0,44953388,5267949332,826149,2091254,0.5,220.461,,11290,28216,31794:0,79810:0,691914,641831,1.00714697439898,0,11832728,11848078,43331,42450391,10307,,,,,,,
approximate_05,0,44953388,5267949332,826149,2091254,0.5,220.461,,117177,282539,324494:0,782174:0,1908410,1779260,1.00606249110395,0,4399873,4406922,43331,15785822,3485,,,,,,,
approximate_05,0,44953388,5267949332,826149,2091254,0.5,220.461,,120131,50533,332569:0,142957:0,2011980,1895080,1.00568829351195,0,4519477,4529890,43331,16100968,3478,,,,,,,
approximate_05,0,44953388,5267949332,826149,2091254,0.5,220.461,,121423,60231,336065:0,169163:0,2050920,1830000,1.00648770672817,0,28281190,28291117,50482,100562783,23623,,,,,,,
approximate_05,0,44953388,5267949332,826149,2091254,0.5,220.461,,124824,270697,344965:0,744051:0,1617560,1593870,1.00617679441165,0,5172067,5186724,29406,18504044,4344,,,,,,,
approximate_05,0,44953388,5267949332,826149,2091254,0.5,220.461,,13462,214846,37856:0,585740:0,823082,776680,1.00535975590392,0,9143098,9152636,43331,32988292,7798,,,,,,,
approximate_05,0,44953388,5267949332,826149,2091254,0.5,220.461,,134800,311519,370434:0,866899:0,302286,273460,1.0088103962676,0,1056849,1064465,18230,3826578,795,,,,,,,
approximate_05,0,44953388,5267949332,826149,2091254,0.5,220.461,,135629,201250,372843:0,547216:0,497898,419776,1.00724637681159,0,14650490,14662082,43331,52496902,12437,,,,,,,
approximate_05,0,44953388,5267949332,826149,2091254,0.5,220.461,,135831,89159,373449:0,249510:0,166387,165143,1.00715474713235,0,155954,159467,50482,561496,126,,,,,,,
approximate_05,0,44953388,5267949332,826149,2091254,0.5,220.461,,136523,163144,375250:0,445071:0,422816,406588,1.00563208767791,0,2349040,2355363,43331,8442196,1848,,,,,,,
approximate_05,0,44953388,5267949332,826149,2091254,0.5,220.461,,146416,76510,401350:0,214305:0,737953,600110,1.00723398389142,0,10290894,10299359,50482,37036453,8213,,,,,,,
approximate_05,0,44953388,5267949332,826149,2091254,0.5,220.461,,155191,102627,424311:0,286110:0,2264220,2199570,1.00565850018654,0,17138620,17161425,43331,61021780,15236,,,,,,,
approximate_05,0,44953388,5267949332,826149,2091254,0.5,220.461,,156666,132323,428258:0,364051:0,295024,267150,1.00626219354135,0,2420801,2425772,29406,8598892,1809,,,,,,,
approximate_05,0,44953388,5267949332,826149,2091254,0.5,220.461,,157681,221267,430965:0,603871:0,1371210,1361500,1.00449793783469,0,3586874,3601229,43331,13219835,3097,,,,,,,
approximate_05,0,44953388,5267949332,826149,2091254,0.5,220.461,,159386,222486,435710:0,607136:0,817154,788823,1.00749002255021,0,8922795,8933736,18230,31850737,7442,,,,,,,
approximate_05,0,44953388,5267949332,826149,2091254,0.5,220.461,,159739,47987,436697:0,135862:0,292391,283122,1.00682485735635,0,1196227,1202236,50482,4325674,960,,,,,,,
approximate_05,0,44953388,5267949332,826149,2091254,0.5,220.461,,167202,249504,455415:0,683347:0,291779,269188,1.00583966768361,0,1454853,1465003,18230,5322224,1112,,,,,,,
approximate_05,0,44953388,5267949332,826149,2091254,0.5,220.461,,171334,64032,466075:0,179664:0,2016190,1918390,1.00564625137789,0,25993991,26007997,29406,92479989,22730,,,,,,,
approximate_05,0,44953388,5267949332,826149,2091254,0.5,220.461,,171612,36317,466853:0,103171:0,61267.1,42697.7,1.00795776478446,0,1023965,1028507,43331,3648173,768,,,,,,,
approximate_05,0,44953388,5267949332,826149,2091254,0.5,220.461,,178118,200327,483918:0,544702:0,329006,279846,1.00748711573029,0,1915036,1921241,29406,6859556,1416,,,,,,,
approximate_05,0,44953388,5267949332,826149,2091254,0.5,220.461,,185756,281850,504268:0,780227:0,2736430,2570290,1.00627721228524,0,24809301,24822508,29406,88798269,21032,,,,,,,
approximate_05,0,44953388,5267949332,826149,2091254,0.5,220.461,,196470,276692,533377:0,763573:0,951028,914810,1.00783459706348,0,4847324,4859090,29406,17482542,3805,,,,,,,
approximate_05,0,44953388,5267949332,826149,2091254,0.5,220.461,,201384,127555,547655:0,351892:0,366364,328523,1.00688453494348,0,5147503,5156860,43331,18354034,4291,,,,,,,
approximate_05,0,44953388,5267949332,826149,2091254,0.5,220.461,,2065,280332,5841:0,775459:0,411583,391108,1.00586780454663,0,3265811,3282875,43331,11940193,2773,,,,,,,
approximate_05,0,44953388,5267949332,826149,2091254,0.5,220.461,,207980,180071,566945:0,489113:0,801086,716492,1.00631991508124,0,10718104,10731167,29406,38059512,8806,,,,,,,
approximate_05,0,44953388,5267949332,826149,2091254,0.5,220.461,,208255,255985,567738:0,700399:0,270034,185629,1.0069020034827,0,397716,402445,29406,1405526,293,,,,,,,
approximate_05,0,44953388,5267949332,826149,2091254,0.5,220.461,,208269,18812,567771:0,53352:0,501726,396546,1.00753250665194,0,6747288,6756034,29406,23906249,5478,,,,,,,
approximate_05,0,44953388,5267949332,826149,2091254,0.5,220.461,,208302,276899,567854:0,764161:0,368813,297757,1.00653625094837,0,1224237,1231508,50482,4416305,944,,,,,,,
approximate_05,0,44953388,5267949332,826149,2091254,0.5,220.461,,209995,150692,572619:0,412977:0,253971,226964,1.00771345927222,0,1048096,1052806,43331,3789139,780,,,,,,,
approximate_05,0,44953388,5267949332,826149,2091254,0.5,220.461,,210700,291097,574503:0,806592:0,895768,848859,1.00690742033423,0,19293491,19313599,43331,69299052,17346,,,,,,,
approximate_05,0,44953388,5267949332,826149,2091254,0.5,220.461,,212285,18560,578729:0,52635:0,677035,641766,1.00643819569974,0,10129804,10156760,50482,36561862,9183,,,,,,,
approximate_05,0,44953388,5267949332,826149,2091254,0.5,220.461,,214452,184355,584629:0,500364:0,1231600,1174700,1.00690016024069,0,27002401,27026767,43331,97026471,24876,,,,,,,
approximate_05,0,44953388,5267949332,826149,2091254,0.5,220.461,,216097,268609,589275:0,738151:0,1224880,1163910,1.00562383520931,0,17982788,17992780,43331,64201713,16323,,,,,,,
approximate_05,0,44953388,5267949332,826149,2091254,0.5,220.461,,219459,44436,598779:0,125960:0,20696.8,20316.4,1.01656720449913,0,8894,9578,50482,31661,5,,,,,,,
approximate_05,0,44953388,5267949332,826149,2091254,0.5,220.461,,225229,205799,614619:0,560389:0,1562970,1298910,1.00716564100912,0,15101241,15108708,50482,53371267,11120,,,,,,,
approximate_05,0,44953388,5267949332,826149,2091254,0.5,220.461,,225777,230628,616065:0,629387:0,673948,669230,1.0070498931608,0,39214,40596,50482,142967,42,,,,,,,
approximate_05,0,44953388,5267949332,826149,2091254,0.5,220.461,,227546,45838,620911:0,129870:0,1349940,1330950,1.00798207952212,0,1606219,1612286,43331,5910267,1226,,,,,,,
approximate_05,0,44953388,5267949332,826149,2091254,0.5,220.461,,229070,2511,625070:0,7084:0,1952260,1941290,1.00556800329651,0,853860,863213,18230,3149220,675,,,,,,,
approximate_05,0,44953388,5267949332,826149,2091254,0.5,220.461,,230598,252175,629310:0,690237:0,1624860,1607360,1.0043391188251,0,6808260,6821614,29406,24391494,5603,,,,,,,
approximate_05,0,44953388,5267949332,826149,2091254,0.5,220.461,,240269,222852,656592:0,608126:0,702684,698677,1.005730806664,0,760454,765019,43331,2802440,579,,,,,,,
approximate_05,0,44953388,5267949332,826149,2091254,0.5,220.461,,244039,77660,667397:0,217515:0,2020770,1754690,1.00598382078407,0,15979388,15989263,43331,57064328,13063,,,,,,,
approximate_05,0,44953388,5267949332,826149,2091254,0.5,220.461,,2503,260053,7064:0,712876:0,501662,481752,1.00623604712037,0,6232773,6246940,50482,22640216,5538,,,,,,,
approximate_05,0,44953388,5267949332,826149,2091254,0.5,220.461,,250737,44980,686512:0,127524:0,2617770,2569460,1.00643204256759,0,13151421,13178594,50482,46651581,11281,,,,,,,
approximate_05,0,44953388,5267949332,826149,2091254,0.5,220.461,,252635,222632,691378:0,607518:0,725647,652615,1.00669374686122,0,6230885,6238820,29406,22080369,4922,,,,,,,
approximate_05,0,44953388,5267949332,826149,2091254,0.5,220.461,,254463,257466,696080:0,705051:0,68946,63289.9,1.00693283171197,0,365654,369614,43331,1291864,253,,,,,,,
approximate_05,0,44953388,5267949332,826149,2091254,0.5,220.461,,256508,290308,701815:0,804365:0,299717,297965,1.00463574383074,0,156650,159814,50482,581269,127,,,,,,,
approximate_05,0,44953388,5267949332,826149,2091254,0.5,220.461,,256701,218392,702451:0,595623:0,974962,968583,1.00658590951937,0,183405,184757,43331,647691,125,,,,,,,
approximate_05,0,44953388,5267949332,826149,2091254,0.5,220.461,,260915,211381,715455:0,576332:0,494398,478641,1.00474328542629,0,4505074,4517170,43331,16470994,3871,,,,,,,
approximate_05,0,44953388,5267949332,826149,2091254,0.5,220.461,,263667,35122,723886:0,99766:0,366946,361936,1.00621918514415,0,561310,570543,43331,2067521,461,,,,,,,
approximate_05,0,44953388,5267949332,826149,2091254,0.5,220.461,,264194,150834,725418:0,413361:0,546819,454664,1.00562379427727,0,1329628,1338269,18230,4790538,984,,,,,,,
approximate_05,0,44953388,5267949332,826149,2091254,0.5,220.461,,267291,194524,734531:0,527937:0,1517830,1467280,1.00753411927141,0,21414397,21427656,50482,76849410,19846,,,,,,,
approximate_05,0,44953388,5267949332,826149,2091254,0.5,220.461,,269468,193105,740664:0,524270:0,246009,242744,1.00673176081583,0,213101,221785,17324,794525,172,,,,,,,
approximate_05,0,44953388,5267949332,826149,2091254,0.5,220.461,,270068,60551,742333:0,170025:0,1849220,1832310,1.00689880482426,0,1360311,1367920,29406,5106514,1078,,,,,,,
approximate_05,0,44953388,5267949332,826149,2091254,0.5,220.461,,271975,300368,747952:0,833447:0,314982,271911,1.0046503616948,0,2773438,2783941,50482,10009719,2178,,,,,,,
approximate_05,0,44953388,5267949332,826149,2091254,0.5,220.461,,274010,106633,754944:0,297386:0,538740,507512,1.00674226172234,0,1599526,1608103,18230,5720673,1260,,,,,,,
approximate_05,0,44953388,5267949332,826149,2091254,0.5,220.461,,280588,266470,776429:0,732336:0,255333,253661,1.00652798637638,0,161908,165531,50482,590802,116,,,,,,,
approximate_05,0,44953388,5267949332,826149,2091254,0.5,220.461,,283317,67096,784311:0,188196:0,3162520,3098180,1.00693467144686,0,16744066,16771158,50482,59966266,14993,,,,,,,
approximate_05,0,44953388,5267949332,826149,2091254,0.5,220.461,,283364,205546,784438:0,559649:0,2971180,2434750,1.00584308308959,0,23474070,23478978,50482,83944355,18697,,,,,,,
approximate_05,0,44953388,5267949332,826149,2091254,0.5,220.461,,284500,97590,787683:0,272290:0,1404740,1321620,1.00766107628079,0,3405113,3411408,50482,12166244,2630,,,,,,,
approximate_05,0,44953388,5267949332,826149,2091254,0.5,220.461,,286468,230337,793245:0,628617:0,589226,552230,1.00657696933253,0,386652,389392,43331,1347379,267,,,,,,,
approximate_05,0,44953388,5267949332,826149,2091254,0.5,220.461,,293928,244940,814275:0,669948:0,2638190,2577540,1.00669299601244,0,3848875,3860684,43331,13899891,3188,,,,,,,
approximate_05,0,44953388,5267949332,826149,2091254,0.5,220.461,,295924,52636,819874:0,148747:0,522222,511520,1.00848739057639,0,28778,30529,50482,99797,23,,,,,,,
approximate_05,0,44953388,5267949332,826149,2091254,0.5,220.461,,299114,158316,829182:0,432784:0,740564,712706,1.00622296136873,0,3850682,3862301,43331,14026738,3110,,,,,,,
approximate_05,0,44953388,5267949332,826149,2091254,0.5,220.461,,301212,140855,836119:0,386751:0,286678,279300,1.00570069425686,0,255853,260999,43331,923118,189,,,,,,,
approximate_05,0,44953388,5267949332,826149,2091254,0.5,220.461,,307169,66758,853802:0,187260:0,1912710,1853710,1.0051975489011,0,14435861,14459772,50482,51328900,12289,,,,,,,
approximate_05,0,44953388,5267949332,826149,2091254,0.5,220.461,,30741,28355,86876:0,80222:0,424189,345722,1.00574966094783,0,2822586,2826864,50482,10072752,2105,,,,,,,
approximate_05,0,44953388,5267949332,826149,2091254,0.5,220.461,,307515,196385,854868:0,533120:0,955022,914072,1.00531382964165,0,4858619,4867617,50482,17179938,3815,,,,,,,
approximate_05,0,44953388,5267949332,826149,2091254,0.5,220.461,,312683,286715,870974:0,793956:0,1377220,1349800,1.00712259045836,0,2499668,2510812,29406,9098612,2085,,,,,,,
approximate_05,0,44953388,5267949332,826149,2091254,0.5,220.461,,313705,60,874197:0,177:0,235803,232499,1.00761470124476,0,432375,440558,8329,1626546,360,,,,,,,
approximate_05,0,44953388,5267949332,826149,2091254,0.5,220.461,,33339,251565,94300:0,688653:0,708318,670723,1.00669692981583,0,5771155,5788474,43331,20597970,4657,,,,,,,
approximate_05,0,44953388,5267949332,826149,2091254,0.5,220.461,,45717,285563,129540:0,790673:0,1347920,1304620,1.00503291901847,0,2630951,2638259,43331,9491925,2116,,,,,,,
approximate_05,0,44953388,5267949332,826149,2091254,0.5,220.461,,46058,2626,130476:0,7393:0,1723430,1713890,1.00541962733499,0,1354971,1373911,29406,5063138,1176,,,,,,,
approximate_05,0,44953388,5267949332,826149,2091254,0.5,220.461,,51477,177553,145539:0,482317:0,448412,432388,1.00642803917872,0,1210288,1214079,29406,4462054,966,,,,,,,
approximate_05,0,44953388,5267949332,826149,2091254,0.5,220.461,,54725,157558,154329:0,430633:0,949034,907417,1.00721154611516,0,19858316,19875723,29406,71006736,17602,,,,,,,
approximate_05,0,44953388,5267949332,826149,2091254,0.5,220.461,,55240,213731,155730:0,582711:0,188549,171069,1.00874194152422,0,986656,991081,50482,3445027,730,,,,,,,
approximate_05,0,44953388,5267949332,826149,2091254,0.5,220.461,,56910,291244,160222:0,807159:0,471244,452334,1.00568311561928,0,5540260,5551806,43331,19707206,4600,,,,,,,
approximate_05,0,44953388,5267949332,826149,2091254,0.5,220.461,,57661,173531,162177:0,471817:0,1044820,991375,1.00708454220363,0,26070186,26096557,43331,93737508,23827,,,,,,,
approximate_05,0,44953388,5267949332,826149,2091254,0.5,220.461,,61451,155501,172533:0,425179:0,377948,362148,1.00633974763491,0,2981862,2991883,29406,10736624,2435,,,,,,,
approximate_05,0,44953388,5267949332,826149,2091254,0.5,220.461,,64659,220476,181389:0,601666:0,2520420,2501330,1.00575418994413,0,1306130,1309629,50482,4714159,1034,,,,,,,
approximate_05,0,44953388,5267949332,826149,2091254,0.5,220.461,,65620,79082,184007:0,221404:0,297435,226369,1.00576199316271,0,1124276,1141183,43331,4042173,853,,,,,,,
approximate_05,0,44953388,5267949332,826149,2091254,0.5,220.461,,68148,150537,191184:0,412526:0,671440,581423,1.00659781512026,0,5727492,5736870,50482,20622890,4447,,,,,,,
approximate_05,0,44953388,5267949332,826149,2091254,0.5,220.461,,68309,264183,191633:0,725380:0,653184,550201,1.00532998009915,0,20873313,20883580,50482,74334855,17783,,,,,,,
approximate_05,0,44953388,5267949332,826149,2091254,0.5,220.461,,68393,193227,191860:0,524545:0,3046600,3000730,1.00479541961571,0,22470016,22494058,50482,80760220,21626,,,,,,,
approximate_05,0,44953388,5267949332,826149,2091254,0.5,220.461,,70900,271211,198831:0,745455:0,2260350,2198280,1.00846353585737,0,4608475,4617743,50482,16741523,3862,,,,,,,
approximate_05,0,44953388,5267949332,826149,2091254,0.5,220.461,,73031,303368,204813:0,842842:0,323607,303342,1.00793937543995,0,2243818,2252022,43331,8118475,1808,,,,,,,
approximate_05,0,44953388,5267949332,826149,2091254,0.5,220.461,,74375,173016,208548:0,470379:0,606818,562876,1.00779406269462,0,3461092,3476596,17324,12377086,2715,,,,,,,
approximate_05,0,44953388,5267949332,826149,2091254,0.5,220.461,,77928,304638,218274:0,846370:0,1355050,1258780,1.00957383400387,0,13273754,13288235,29406,47672117,10566,,,,,,,
approximate_05,0,44953388,5267949332,826149,2091254,0.5,220.461,,80408,139274,224991:0,382675:0,1619400,1590210,1.00717097775318,0,3894648,3912076,50482,14247435,3141,,,,,,,
approximate_05,0,44953388,5267949332,826149,2091254,0.5,220.461,,82301,195089,230247:0,529518:0,1450460,1269520,1.00509316684106,0,30600671,30607870,17324,107665102,25004,,,,,,,
approximate_05,0,44953388,5267949332,826149,2091254,0.5,220.461,,84312,151633,235843:0,415425:0,391964,348837,1.00620980887959,0,960452,965820,29406,3417938,704,,,,,,,
approximate_05,0,44953388,5267949332,826149,2091254,0.5,220.461,,87720,268776,245361:0,738719:0,193275,192129,1.00596474243867,0,65017,68053,50482,233571,45,,,,,,,
approximate_05,0,44953388,5267949332,826149,2091254,0.5,220.461,,90548,280371,253348:0,775611:0,185538,169930,1.00607861531204,0,551978,555908,43331,2011894,400,,,,,,,
approximate_05,0,44953388,5267949332,826149,2091254,0.5,220.461,,90790,252414,254051:0,690825:0,203955,200035,1.00656881711939,0,664659,673914,43331,2407070,518,,,,,,,
approximate_05,0,44953388,5267949332,826149,2091254,0.5,220.461,,96677,147337,269891:0,403865:0,399448,362019,1.00733343420588,0,6843336,6856493,50482,24475196,5515,,,1.01656720449913,1.00658510980342,,25004,5881.39
approximate-astar_02,0,128419021,42987181022,826149,2091254,0.2,220.461,,100353,245433,279903:0,671311:0,1901080,1835600,1.00126403606716,0,155617072,155622521,25244,500467594,177653,,,,,,,
approximate-astar_02,0,128419021,42987181022,826149,2091254,0.2,220.461,,103776,53446,289342:0,150926:0,1752260,1723250,1.00141159796318,0,55839912,55843682,15605,178595815,57884,,,,,,,
approximate-astar_02,0,128419021,42987181022,826149,2091254,0.2,220.461,,106361,285754,296615:0,791196:0,1130900,1116720,1.00201128802176,0,139163325,139168996,30465,447052894,160108,,,,,,,
approximate-astar_02,0,128419021,42987181022,826149,2091254,0.2,220.461,,112028,145682,311847:0,399440:0,729892,695784,1.00115492764557,0,101178937,101198795,25134,326104815,112768,,,,,,,
approximate-astar_02,0,128419021,42987181022,826149,2091254,0.2,220.461,,11238,218247,31629:0,595205:0,1116900,1095100,1.00199160297126,0,136886818,136895878,22643,441421492,155861,,,,,,,
approximate-astar_02,0,128419021,42987181022,826149,2091254,0.2,220.461,,112644,286411,313628:0,793069:0,635459,634486,1.00153352477438,0,68847717,68861437,17655,221986321,74118,,,,,,,
approximate-astar_02,0,128419021,42987181022,826149,2091254,0.2,220.461,,11290,28216,31794:0,79810:0,687896,641831,1.00129839127574,0,113770128,113778054,22477,366204735,131121,,,,,,,
approximate-astar_02,0,128419021,42987181022,826149,2091254,0.2,220.461,,117177,282539,324494:0,782174:0,1899290,1779260,1.00125467207195,0,159088639,159094564,27324,511052602,183449,,,,,,,
approximate-astar_02,0,128419021,42987181022,826149,2091254,0.2,220.461,,120131,50533,332569:0,142957:0,2003040,1895080,1.00121963410977,0,163100149,163105066,27164,523584930,188019,,,,,,,
approximate-astar_02,0,128419021,42987181022,826149,2091254,0.2,220.461,,121423,60231,336065:0,169163:0,2041010,1830000,1.00162438042891,0,158617654,158621103,26415,510557956,182821,,,,,,,
approximate-astar_02,0,128419021,42987181022,826149,2091254,0.2,220.461,,124824,270697,344965:0,744051:0,1610120,1593870,1.00154886385549,0,150043375,150048913,35466,483079162,172329,,,,,,,
approximate-astar_02,0,128419021,42987181022,826149,2091254,0.2,220.461,,13462,214846,37856:0,585740:0,819799,776680,1.0013497106367,0,125503898,125507678,19162,405208554,142764,,,,,,,
approximate-astar_02,0,128419021,42987181022,826149,2091254,0.2,220.461,,134800,311519,370434:0,866899:0,299995,273460,1.00116470768841,0,44224687,44245443,21875,142314424,49917,,,,,,,
approximate-astar_02,0,128419021,42987181022,826149,2091254,0.2,220.461,,135629,201250,372843:0,547216:0,495050,419776,1.00148488011717,0,102883624,102893630,23920,331355529,120499,,,,,,,
approximate-astar_02,0,128419021,42987181022,826149,2091254,0.2,220.461,,135831,89159,373449:0,249510:0,165418,165143,1.00128930722436,0,23969614,23983182,18018,77742013,26066,,,,,,,
approximate-astar_02,0,128419021,42987181022,826149,2091254,0.2,220.461,,136523,163144,375250:0,445071:0,420904,406588,1.00108455742446,0,92110753,92124733,22793,296236657,107011,,,,,,,
approximate-astar_02,0,128419021,42987181022,826149,2091254,0.2,220.461,,146416,76510,401350:0,214305:0,733855,600110,1.00164061295047,0,110256316,110270899,28864,353036817,125340,,,,,,,
approximate-astar_02,0,128419021,42987181022,826149,2091254,0.2,220.461,,155191,102627,424311:0,286110:0,2254950,2199570,1.00154120844955,0,160054933,160056724,30309,514802369,182869,,,,,,,
approximate-astar_02,0,128419021,42987181022,826149,2091254,0.2,220.461,,156666,132323,428258:0,364051:0,293609,267150,1.00143593871509,0,67476038,67494535,26839,216563839,76788,,,,,,,
approximate-astar_02,0,128419021,42987181022,826149,2091254,0.2,220.461,,157681,221267,430965:0,603871:0,1366490,1361500,1.00104023969467,0,149625615,149628547,26204,480644011,173092,,,,,,,
approximate-astar_02,0,128419021,42987181022,826149,2091254,0.2,220.461,,159386,222486,435710:0,607136:0,813412,788823,1.00287641524438,0,131597187,131601676,28137,424197425,154177,,,,,,,
approximate-astar_02,0,128419021,42987181022,826149,2091254,0.2,220.461,,159739,47987,436697:0,135862:0,290843,283122,1.00149444404271,0,42346288,42363092,21515,136292309,47747,,,,,,,
approximate-astar_02,0,128419021,42987181022,826149,2091254,0.2,220.461,,167202,249504,455415:0,683347:0,290520,269188,1.00149956047365,0,35417523,35427796,20389,113085834,38299,,,,,,,
approximate-astar_02,0,128419021,42987181022,826149,2091254,0.2,220.461,,171334,64032,466075:0,179664:0,2007720,1918390,1.00142153855362,0,157375705,157378123,27489,506305101,180830,,,,,,,
approximate-astar_02,0,128419021,42987181022,826149,2091254,0.2,220.461,,171612,36317,466853:0,103171:0,60915.7,42697.7,1.00217658110603,0,11896821,11904612,12464,38080880,11780,,,,,,,
approximate-astar_02,0,128419021,42987181022,826149,2091254,0.2,220.461,,178118,200327,483918:0,544702:0,327192,279846,1.00193225767927,0,59501468,59510759,20752,190706903,66217,,,,,,,
approximate-astar_02,0,128419021,42987181022,826149,2091254,0.2,220.461,,185756,281850,504268:0,780227:0,2723580,2570290,1.00155183572605,0,161264910,161266312,22906,519805185,181491,,,,,,,
approximate-astar_02,0,128419021,42987181022,826149,2091254,0.2,220.461,,196470,276692,533377:0,763573:0,945005,914810,1.00145183254118,0,53096648,53114842,19531,170385470,56586,,,,,,,
approximate-astar_02,0,128419021,42987181022,826149,2091254,0.2,220.461,,201384,127555,547655:0,351892:0,364471,328523,1.00168197021374,0,60887378,60901728,22194,196183846,67419,,,,,,,
approximate-astar_02,0,128419021,42987181022,826149,2091254,0.2,220.461,,2065,280332,5841:0,775459:0,409802,391108,1.00151521816698,0,70085850,70096028,16545,225673111,78348,,,,,,,
approximate-astar_02,0,128419021,42987181022,826149,2091254,0.2,220.461,,207980,180071,566945:0,489113:0,797132,716492,1.00135292159461,0,113719385,113730170,23484,366605899,130896,,,,,,,
approximate-astar_02,0,128419021,42987181022,826149,2091254,0.2,220.461,,208255,255985,567738:0,700399:0,268767,185629,1.00217761752236,0,13190008,13206289,18552,42446007,13096,,,,,,,
approximate-astar_02,0,128419021,42987181022,826149,2091254,0.2,220.461,,208269,18812,567771:0,53352:0,498804,396546,1.00166474220593,0,84335302,84344334,23768,271688293,96923,,,,,,,
approximate-astar_02,0,128419021,42987181022,826149,2091254,0.2,220.461,,208302,276899,567854:0,764161:0,367167,297757,1.00204411355337,0,51646441,51659446,23768,166689603,58143,,,,,,,
approximate-astar_02,0,128419021,42987181022,826149,2091254,0.2,220.461,,209995,150692,572619:0,412977:0,252438,226964,1.00163077765478,0,30785491,30801333,17579,99841859,33683,,,,,,,
approximate-astar_02,0,128419021,42987181022,826149,2091254,0.2,220.461,,210700,291097,574503:0,806592:0,891083,848859,1.00164114461969,0,130465030,130471357,22360,420517465,151117,,,,,,,
approximate-astar_02,0,128419021,42987181022,826149,2091254,0.2,220.461,,212285,18560,578729:0,52635:0,673902,641766,1.00178087241937,0,106898367,106907179,20429,343746145,122616,,,,,,,
approximate-astar_02,0,128419021,42987181022,826149,2091254,0.2,220.461,,214452,184355,584629:0,500364:0,1225270,1174700,1.00172504006017,0,137852416,137857201,22351,444113770,155461,,,,,,,
approximate-astar_02,0,128419021,42987181022,826149,2091254,0.2,220.461,,216097,268609,589275:0,738151:0,1219900,1163910,1.00153526596225,0,111351354,111360687,17888,357944505,125361,,,,,,,
approximate-astar_02,0,128419021,42987181022,826149,2091254,0.2,220.461,,219459,44436,598779:0,125960:0,20428.5,20316.4,1.00338908126427,0,428868,429805,2499,1326226,336,,,,,,,
approximate-astar_02,0,128419021,42987181022,826149,2091254,0.2,220.461,,225229,205799,614619:0,560389:0,1554820,1298910,1.00191384476592,0,143012018,143025817,25424,457596471,161644,,,,,,,
approximate-astar_02,0,128419021,42987181022,826149,2091254,0.2,220.461,,225777,230628,616065:0,629387:0,670830,669230,1.00239080734576,0,8166281,8170971,8639,25758725,7954,,,,,,,
approximate-astar_02,0,128419021,42987181022,826149,2091254,0.2,220.461,,227546,45838,620911:0,129870:0,1341350,1330950,1.00156804181445,0,42177097,42184094,21099,134869991,44266,,,,,,,
approximate-astar_02,0,128419021,42987181022,826149,2091254,0.2,220.461,,229070,2511,625070:0,7084:0,1944580,1941290,1.0016121970692,0,149777519,149788499,22259,479267447,172260,,,,,,,
approximate-astar_02,0,128419021,42987181022,826149,2091254,0.2,220.461,,230598,252175,629310:0,690237:0,1619600,1607360,1.00108787024675,0,97343571,97355383,20844,310730101,104210,,,,,,,
approximate-astar_02,0,128419021,42987181022,826149,2091254,0.2,220.461,,240269,222852,656592:0,608126:0,699946,698677,1.00181198832083,0,110991051,111001290,22331,356286565,128669,,,,,,,
approximate-astar_02,0,128419021,42987181022,826149,2091254,0.2,220.461,,244039,77660,667397:0,217515:0,2011450,1754690,1.00134411947729,0,154031265,154034958,20994,496687124,174069,,,,,,,
approximate-astar_02,0,128419021,42987181022,826149,2091254,0.2,220.461,,2503,260053,7064:0,712876:0,499357,481752,1.00161266705847,0,84586173,84601984,17754,271929723,95255,,,,,,,
approximate-astar_02,0,128419021,42987181022,826149,2091254,0.2,220.461,,250737,44980,686512:0,127524:0,2605640,2569460,1.00176852335989,0,164508692,164512586,31306,528055152,190445,,,,,,,
approximate-astar_02,0,128419021,42987181022,826149,2091254,0.2,220.461,,252635,222632,691378:0,607518:0,721886,652615,1.00147609257209,0,127862408,127870054,27405,411412823,148473,,,,,,,
approximate-astar_02,0,128419021,42987181022,826149,2091254,0.2,220.461,,254463,257466,696080:0,705051:0,68579.9,63289.9,1.00158606598677,0,14259504,14268883,12242,45759737,14569,,,,,,,
approximate-astar_02,0,128419021,42987181022,826149,2091254,0.2,220.461,,256508,290308,701815:0,804365:0,298845,297965,1.00171284533442,0,74728493,74746921,22220,240191751,86578,,,,,,,
approximate-astar_02,0,128419021,42987181022,826149,2091254,0.2,220.461,,256701,218392,702451:0,595623:0,970341,968583,1.00181502256389,0,133273324,133283182,24491,428127517,153198,,,,,,,
approximate-astar_02,0,128419021,42987181022,826149,2091254,0.2,220.461,,260915,211381,715455:0,576332:0,492673,478641,1.00123764388372,0,97541260,97552894,28660,313866916,115173,,,,,,,
approximate-astar_02,0,128419021,42987181022,826149,2091254,0.2,220.461,,263667,35122,723886:0,99766:0,365307,361936,1.00172480928381,0,42745064,42759242,20374,137732692,45920,,,,,,,
approximate-astar_02,0,128419021,42987181022,826149,2091254,0.2,220.461,,264194,150834,725418:0,413361:0,544604,454664,1.00155031346492,0,62139655,62154608,17717,199996332,66454,,,,,,,
approximate-astar_02,0,128419021,42987181022,826149,2091254,0.2,220.461,,267291,194524,734531:0,527937:0,1509330,1467280,1.00189182730604,0,151141464,151150055,31879,485769060,176839,,,,,,,
approximate-astar_02,0,128419021,42987181022,826149,2091254,0.2,220.461,,269468,193105,740664:0,524270:0,244795,242744,1.00176376225631,0,40456603,40469240,16017,130016311,42674,,,,,,,
approximate-astar_02,0,128419021,42987181022,826149,2091254,0.2,220.461,,270068,60551,742333:0,170025:0,1841210,1832310,1.00253736625738,0,132966882,132981372,27471,425413365,147279,,,,,,,
approximate-astar_02,0,128419021,42987181022,826149,2091254,0.2,220.461,,271975,300368,747952:0,833447:0,313938,271911,1.00132047307383,0,54478498,54497297,21520,174465833,59367,,,,,,,
approximate-astar_02,0,128419021,42987181022,826149,2091254,0.2,220.461,,274010,106633,754944:0,297386:0,536147,507512,1.00189672828386,0,49650258,49661422,17842,160032142,52054,,,,,,,
approximate-astar_02,0,128419021,42987181022,826149,2091254,0.2,220.461,,280588,266470,776429:0,732336:0,254105,253661,1.00168718488472,0,66197066,66217398,27876,213052912,77646,,,,,,,
approximate-astar_02,0,128419021,42987181022,826149,2091254,0.2,220.461,,283317,67096,784311:0,188196:0,3145870,3098180,1.00163337302674,0,159379649,159383746,25993,509886825,178322,,,,,,,
approximate-astar_02,0,128419021,42987181022,826149,2091254,0.2,220.461,,283364,205546,784438:0,559649:0,2959640,2434750,1.00193640992309,0,145433962,145450440,24758,465802777,162668,,,,,,,
approximate-astar_02,0,128419021,42987181022,826149,2091254,0.2,220.461,,284500,97590,787683:0,272290:0,1396300,1321620,1.0016068174971,0,65957625,65967448,17747,210783709,69965,,,,,,,
approximate-astar_02,0,128419021,42987181022,826149,2091254,0.2,220.461,,286468,230337,793245:0,628617:0,586291,552230,1.0015630979063,0,11095647,11103810,9469,35256596,10848,,,,,,,
approximate-astar_02,0,128419021,42987181022,826149,2091254,0.2,220.461,,293928,244940,814275:0,669948:0,2624000,2577540,1.00127830881652,0,97042757,97053943,15628,310224155,100846,,,,,,,
approximate-astar_02,0,128419021,42987181022,826149,2091254,0.2,220.461,,295924,52636,819874:0,148747:0,519492,511520,1.0032153595699,0,4951312,4955847,9947,15787812,4756,,,,,,,
approximate-astar_02,0,128419021,42987181022,826149,2091254,0.2,220.461,,299114,158316,829182:0,432784:0,737005,712706,1.00138725841866,0,128864538,128869625,24374,413492295,146121,,,,,,,
approximate-astar_02,0,128419021,42987181022,826149,2091254,0.2,220.461,,301212,140855,836119:0,386751:0,285596,279300,1.00190490891168,0,24601177,24615408,18310,79013700,25877,,,,,,,
approximate-astar_02,0,128419021,42987181022,826149,2091254,0.2,220.461,,307169,66758,853802:0,187260:0,1906130,1853710,1.00173952344415,0,156670202,156671733,31110,503433707,182142,,,,,,,
approximate-astar_02,0,128419021,42987181022,826149,2091254,0.2,220.461,,30741,28355,86876:0,80222:0,422378,345722,1.00145579044205,0,80677584,80696490,21425,258897729,90281,,,,,,,
approximate-astar_02,0,128419021,42987181022,826149,2091254,0.2,220.461,,307515,196385,854868:0,533120:0,952033,914072,1.00216742774013,0,134376056,134380997,26108,431901744,155977,,,,,,,
approximate-astar_02,0,128419021,42987181022,826149,2091254,0.2,220.461,,312683,286715,870974:0,793956:0,1369440,1349800,1.00143329335712,0,140900293,140906162,23287,453156833,162016,,,,,,,
approximate-astar_02,0,128419021,42987181022,826149,2091254,0.2,220.461,,313705,60,874197:0,177:0,234486,232499,1.00198700116656,0,53488012,53509316,23287,171826202,57663,,,,,,,
approximate-astar_02,0,128419021,42987181022,826149,2091254,0.2,220.461,,33339,251565,94300:0,688653:0,704979,670723,1.00195137619634,0,74592531,74609029,19646,239901074,80202,,,,,,,
approximate-astar_02,0,128419021,42987181022,826149,2091254,0.2,220.461,,45717,285563,129540:0,790673:0,1342950,1304620,1.00132719938561,0,144714993,144719970,26583,464434387,163473,,,,,,,
approximate-astar_02,0,128419021,42987181022,826149,2091254,0.2,220.461,,46058,2626,130476:0,7393:0,1717260,1713890,1.00182015471315,0,151850504,151862489,24164,486067092,174421,,,,,,,
approximate-astar_02,0,128419021,42987181022,826149,2091254,0.2,220.461,,51477,177553,145539:0,482317:0,446073,432388,1.00117832422096,0,51715386,51734803,28617,165607538,56294,,,,,,,
approximate-astar_02,0,128419021,42987181022,826149,2091254,0.2,220.461,,54725,157558,154329:0,430633:0,943821,907417,1.00167897953704,0,134204550,134211075,21743,431328684,153869,,,,,,,
approximate-astar_02,0,128419021,42987181022,826149,2091254,0.2,220.461,,55240,213731,155730:0,582711:0,187324,171069,1.00218816039376,0,23133136,23142707,16920,74505621,24542,,,,,,,
approximate-astar_02,0,128419021,42987181022,826149,2091254,0.2,220.461,,56910,291244,160222:0,807159:0,469165,452334,1.00124631600513,0,99090577,99100080,21653,318845118,116004,,,,,,,
approximate-astar_02,0,128419021,42987181022,826149,2091254,0.2,220.461,,57661,173531,162177:0,471817:0,1039280,991375,1.00174462876035,0,136537908,136541528,19808,440034932,155153,,,,,,,
approximate-astar_02,0,128419021,42987181022,826149,2091254,0.2,220.461,,61451,155501,172533:0,425179:0,376359,362148,1.00210881147705,0,57702592,57715657,19321,185101749,63807,,,,,,,
approximate-astar_02,0,128419021,42987181022,826149,2091254,0.2,220.461,,64659,220476,181389:0,601666:0,2509750,2501330,1.00149640861931,0,162004969,162006875,22328,518228717,180619,,,,,,,
approximate-astar_02,0,128419021,42987181022,826149,2091254,0.2,220.461,,65620,79082,184007:0,221404:0,296311,226369,1.00196124180421,0,24861184,24870182,17615,79887399,26551,,,,,,,
approximate-astar_02,0,128419021,42987181022,826149,2091254,0.2,220.461,,68148,150537,191184:0,412526:0,668149,581423,1.00166407061656,0,89050241,89070173,24355,287261663,97780,,,,,,,
approximate-astar_02,0,128419021,42987181022,826149,2091254,0.2,220.461,,68309,264183,191633:0,725380:0,650673,550201,1.00146524431256,0,113960377,113968346,23373,366341899,131924,,,,,,,
approximate-astar_02,0,128419021,42987181022,826149,2091254,0.2,220.461,,68393,193227,191860:0,524545:0,3036020,3000730,1.00130604275641,0,158604554,158607963,17911,510370422,176635,,,,,,,
approximate-astar_02,0,128419021,42987181022,826149,2091254,0.2,220.461,,70900,271211,198831:0,745455:0,2244540,2198280,1.00140984572005,0,49609127,49612253,15082,158307542,51763,,,,,,,
approximate-astar_02,0,128419021,42987181022,826149,2091254,0.2,220.461,,73031,303368,204813:0,842842:0,321972,303342,1.00284683764304,0,83115549,83128398,30273,267373674,97607,,,,,,,
approximate-astar_02,0,128419021,42987181022,826149,2091254,0.2,220.461,,74375,173016,208548:0,470379:0,603084,562876,1.00159269254723,0,127320424,127325554,30459,410021871,150467,,,,,,,
approximate-astar_02,0,128419021,42987181022,826149,2091254,0.2,220.461,,77928,304638,218274:0,846370:0,1344240,1258780,1.00151989271346,0,129433504,129454720,27249,414518695,145245,,,,,,,
approximate-astar_02,0,128419021,42987181022,826149,2091254,0.2,220.461,,80408,139274,224991:0,382675:0,1610400,1590210,1.00157351029623,0,126704980,126721738,21460,405059400,140519,,,,,,,
approximate-astar_02,0,128419021,42987181022,826149,2091254,0.2,220.461,,82301,195089,230247:0,529518:0,1445950,1269520,1.00196797194947,0,147156998,147161838,26047,472242825,167155,,,,,,,
approximate-astar_02,0,128419021,42987181022,826149,2091254,0.2,220.461,,84312,151633,235843:0,415425:0,390131,348837,1.00150431914156,0,56321300,56337298,23065,181798317,64259,,,,,,,
approximate-astar_02,0,128419021,42987181022,826149,2091254,0.2,220.461,,87720,268776,245361:0,738719:0,192328,192129,1.00103576243045,0,45496531,45519298,23178,145864340,49980,,,,,,,
approximate-astar_02,0,128419021,42987181022,826149,2091254,0.2,220.461,,90548,280371,253348:0,775611:0,184758,169930,1.00184907031347,0,13421452,13426992,11730,43447112,13446,,,,,,,
approximate-astar_02,0,128419021,42987181022,826149,2091254,0.2,220.461,,90790,252414,254051:0,690825:0,202920,200035,1.00146083385976,0,41796018,41807199,19953,134067684,45371,,,,,,,
approximate-astar_02,0,128419021,42987181022,826149,2091254,0.2,220.461,,96677,147337,269891:0,403865:0,397139,362019,1.00151056639935,0,98158311,98175688,26402,315168086,115409,,,1.00338908126427,1.00166914339333,,190445,106259.76
approximate-astar_05,0,44953388,5267949332,826149,2091254,0.5,220.461,,100353,245433,279903:0,671311:0,1911200,1835600,1.00659405481703,0,56032229,56035052,11890,210433092,46967,,,,,,,
approximate-astar_05,0,44953388,5267949332,826149,2091254,0.5,220.461,,103776,53446,289342:0,150926:0,1761940,1723250,1.0069436903857,0,20114496,20116275,6904,75247423,15845,,,,,,,
approximate-astar_05,0,44953388,5267949332,826149,2091254,0.5,220.461,,106361,285754,296615:0,791196:0,1134350,1116720,1.00506809140285,0,50210900,50213354,13928,187784975,41646,,,,,,,
approximate-astar_05,0,44953388,5267949332,826149,2091254,0.5,220.461,,112028,145682,311847:0,399440:0,733188,695784,1.0056758795693,0,36427643,36437265,12021,136745483,29885,,,,,,,
approximate-astar_05,0,44953388,5267949332,826149,2091254,0.5,220.461,,11238,218247,31629:0,595205:0,1120280,1095100,1.00502386335092,0,49163176,49167643,10196,185492256,41329,,,,,,,
approximate-astar_05,0,44953388,5267949332,826149,2091254,0.5,220.461,,112644,286411,313628:0,793069:0,638993,634486,1.007103387624,0,24723761,24730209,7801,92907589,19900,,,,,,,
approximate-astar_05,0,44953388,5267949332,826149,2091254,0.5,220.461,,11290,28216,31794:0,79810:0,691914,641831,1.00714697439898,0,40844409,40848002,10082,154022814,34822,,,,,,,
approximate-astar_05,0,44953388,5267949332,826149,2091254,0.5,220.461,,117177,282539,324494:0,782174:0,1908410,1779260,1.00606249110395,0,57276748,57279908,12510,214982194,47993,,,,,,,
approximate-astar_05,0,44953388,5267949332,826149,2091254,0.5,220.461,,120131,50533,332569:0,142957:0,2011980,1895080,1.00568829351195,0,58645219,58647858,13096,219960597,49051,,,,,,,
approximate-astar_05,0,44953388,5267949332,826149,2091254,0.5,220.461,,121423,60231,336065:0,169163:0,2050920,1830000,1.00648770672817,0,57019710,57021340,12071,214747310,47999,,,,,,,
approximate-astar_05,0,44953388,5267949332,826149,2091254,0.5,220.461,,124824,270697,344965:0,744051:0,1617630,1593870,1.00622033676903,0,53969070,53971950,16153,203083145,45655,,,,,,,
approximate-astar_05,0,44953388,5267949332,826149,2091254,0.5,220.461,,13462,214846,37856:0,585740:0,823163,776680,1.00545869396869,0,44992815,44994438,8796,170207859,37867,,,,,,,
approximate-astar_05,0,44953388,5267949332,826149,2091254,0.5,220.461,,134800,311519,370434:0,866899:0,302286,273460,1.0088103962676,0,16177473,16188170,11960,60974990,13581,,,,,,,
approximate-astar_05,0,44953388,5267949332,826149,2091254,0.5,220.461,,135629,201250,372843:0,547216:0,497932,419776,1.00731515872438,0,36913034,36917348,10555,139479904,31711,,,,,,,
approximate-astar_05,0,44953388,5267949332,826149,2091254,0.5,220.461,,135831,89159,373449:0,249510:0,166392,165143,1.00718501256015,0,8617592,8623411,8353,32720631,7120,,,,,,,
approximate-astar_05,0,44953388,5267949332,826149,2091254,0.5,220.461,,136523,163144,375250:0,445071:0,422816,406588,1.00563208767791,0,33038273,33044437,10199,124655506,28329,,,,,,,
approximate-astar_05,0,44953388,5267949332,826149,2091254,0.5,220.461,,146416,76510,401350:0,214305:0,737940,600110,1.00721624015735,0,39873251,39880650,13936,148315087,32677,,,,,,,
approximate-astar_05,0,44953388,5267949332,826149,2091254,0.5,220.461,,155191,102627,424311:0,286110:0,2264220,2199570,1.00565850018654,0,57608643,57609477,13801,216534417,48346,,,,,,,
approximate-astar_05,0,44953388,5267949332,826149,2091254,0.5,220.461,,156666,132323,428258:0,364051:0,295024,267150,1.00626219354135,0,24366834,24374994,12001,90918859,20098,,,,,,,
approximate-astar_05,0,44953388,5267949332,826149,2091254,0.5,220.461,,157681,221267,430965:0,603871:0,1371210,1361500,1.00449793783469,0,53854326,53855541,12725,202123672,45248,,,,,,,
approximate-astar_05,0,44953388,5267949332,826149,2091254,0.5,220.461,,159386,222486,435710:0,607136:0,817154,788823,1.00749002255021,0,47326132,47327876,12084,178201240,40633,,,,,,,
approximate-astar_05,0,44953388,5267949332,826149,2091254,0.5,220.461,,159739,47987,436697:0,135862:0,292393,283122,1.00683174419526,0,15199741,15207086,9395,57403775,12927,,,,,,,
approximate-astar_05,0,44953388,5267949332,826149,2091254,0.5,220.461,,167202,249504,455415:0,683347:0,291782,269188,1.00585000947998,0,12783854,12788714,8956,47635965,10401,,,,,,,
approximate-astar_05,0,44953388,5267949332,826149,2091254,0.5,220.461,,171334,64032,466075:0,179664:0,2016200,1918390,1.00565123923247,0,56643911,56645075,12937,212936761,47730,,,,,,,
approximate-astar_05,0,44953388,5267949332,826149,2091254,0.5,220.461,,171612,36317,466853:0,103171:0,61268,42697.7,1.00797257145865,0,4268173,4271382,5601,16070941,3312,,,,,,,
approximate-astar_05,0,44953388,5267949332,826149,2091254,0.5,220.461,,178118,200327,483918:0,544702:0,329075,279846,1.00769840856685,0,21532771,21537443,9710,80183013,17377,,,,,,,
approximate-astar_05,0,44953388,5267949332,826149,2091254,0.5,220.461,,185756,281850,504268:0,780227:0,2736430,2570290,1.00627721228524,0,57790628,57791294,9918,218789163,48316,,,,,,,
approximate-astar_05,0,44953388,5267949332,826149,2091254,0.5,220.461,,196470,276692,533377:0,763573:0,951033,914810,1.00783989572239,0,19131203,19139135,8169,71596232,15223,,,,,,,
approximate-astar_05,0,44953388,5267949332,826149,2091254,0.5,220.461,,201384,127555,547655:0,351892:0,366364,328523,1.00688453494348,0,21903168,21909666,9895,82350648,18249,,,,,,,
approximate-astar_05,0,44953388,5267949332,826149,2091254,0.5,220.461,,2065,280332,5841:0,775459:0,411587,391108,1.00587758014771,0,25126138,25131133,7689,94925966,20855,,,,,,,
approximate-astar_05,0,44953388,5267949332,826149,2091254,0.5,220.461,,207980,180071,566945:0,489113:0,801089,716492,1.00632368366507,0,40705036,40709914,10577,154264667,34982,,,,,,,
approximate-astar_05,0,44953388,5267949332,826149,2091254,0.5,220.461,,208255,255985,567738:0,700399:0,270135,185629,1.00727861199256,0,4696596,4703476,7949,17759842,3692,,,,,,,
approximate-astar_05,0,44953388,5267949332,826149,2091254,0.5,220.461,,208269,18812,567771:0,53352:0,501726,396546,1.00753250665194,0,30178363,30182289,10589,114427091,26190,,,,,,,
approximate-astar_05,0,44953388,5267949332,826149,2091254,0.5,220.461,,208302,276899,567854:0,764161:0,368813,297757,1.00653625094837,0,18447793,18453569,10590,70111239,15956,,,,,,,
approximate-astar_05,0,44953388,5267949332,826149,2091254,0.5,220.461,,209995,150692,572619:0,412977:0,253971,226964,1.00771345927222,0,11034204,11041876,8037,42012877,9185,,,,,,,
approximate-astar_05,0,44953388,5267949332,826149,2091254,0.5,220.461,,210700,291097,574503:0,806592:0,895768,848859,1.00690742033423,0,46844884,46847873,9424,176831058,39593,,,,,,,
approximate-astar_05,0,44953388,5267949332,826149,2091254,0.5,220.461,,212285,18560,578729:0,52635:0,677035,641766,1.00643819569974,0,38388078,38392216,9348,144639231,32313,,,,,,,
approximate-astar_05,0,44953388,5267949332,826149,2091254,0.5,220.461,,214452,184355,584629:0,500364:0,1231600,1174700,1.00690016024069,0,49545880,49548090,10032,186710753,41205,,,,,,,
approximate-astar_05,0,44953388,5267949332,826149,2091254,0.5,220.461,,216097,268609,589275:0,738151:0,1224880,1163910,1.00562383520931,0,39965029,39968817,9173,150635268,33395,,,,,,,
approximate-astar_05,0,44953388,5267949332,826149,2091254,0.5,220.461,,219459,44436,598779:0,125960:0,20696.8,20316.4,1.01656720449913,0,155826,156235,1202,566251,104,,,,,,,
approximate-astar_05,0,44953388,5267949332,826149,2091254,0.5,220.461,,225229,205799,614619:0,560389:0,1562970,1298910,1.00716564100912,0,51710997,51717951,12524,192084776,41927,,,,,,,
approximate-astar_05,0,44953388,5267949332,826149,2091254,0.5,220.461,,225777,230628,616065:0,629387:0,673956,669230,1.00706184719753,0,2946732,2948902,3970,10928000,2189,,,,,,,
approximate-astar_05,0,44953388,5267949332,826149,2091254,0.5,220.461,,227546,45838,620911:0,129870:0,1349950,1330950,1.0079895463879,0,15277498,15281394,10774,56834779,11693,,,,,,,
approximate-astar_05,0,44953388,5267949332,826149,2091254,0.5,220.461,,229070,2511,625070:0,7084:0,1952260,1941290,1.00556800329651,0,54035558,54041132,10923,200912161,43654,,,,,,,
approximate-astar_05,0,44953388,5267949332,826149,2091254,0.5,220.461,,230598,252175,629310:0,690237:0,1624860,1607360,1.0043391188251,0,35065090,35070881,9760,130352766,27763,,,,,,,
approximate-astar_05,0,44953388,5267949332,826149,2091254,0.5,220.461,,240269,222852,656592:0,608126:0,702776,698677,1.00586248354039,0,39947182,39951771,10573,149896269,33467,,,,,,,
approximate-astar_05,0,44953388,5267949332,826149,2091254,0.5,220.461,,244039,77660,667397:0,217515:0,2020770,1754690,1.00598382078407,0,55180554,55182445,9745,208932421,46285,,,,,,,
approximate-astar_05,0,44953388,5267949332,826149,2091254,0.5,220.461,,2503,260053,7064:0,712876:0,501662,481752,1.00623604712037,0,30344889,30351643,8249,114364815,25304,,,,,,,
approximate-astar_05,0,44953388,5267949332,826149,2091254,0.5,220.461,,250737,44980,686512:0,127524:0,2617770,2569460,1.00643204256759,0,59289425,59291466,14063,222106566,49401,,,,,,,
approximate-astar_05,0,44953388,5267949332,826149,2091254,0.5,220.461,,252635,222632,691378:0,607518:0,725656,652615,1.00670623260666,0,46093383,46096708,12695,172757876,38804,,,,,,,
approximate-astar_05,0,44953388,5267949332,826149,2091254,0.5,220.461,,254463,257466,696080:0,705051:0,68956.1,63289.9,1.00708033876967,0,5169028,5173368,5796,19344296,4028,,,,,,,
approximate-astar_05,0,44953388,5267949332,826149,2091254,0.5,220.461,,256508,290308,701815:0,804365:0,299727,297965,1.00466926330891,0,26794680,26803064,10943,100925425,23121,,,,,,,
approximate-astar_05,0,44953388,5267949332,826149,2091254,0.5,220.461,,256701,218392,702451:0,595623:0,974966,968583,1.00659003926354,0,48064839,48069351,11067,179706245,40127,,,,,,,
approximate-astar_05,0,44953388,5267949332,826149,2091254,0.5,220.461,,260915,211381,715455:0,576332:0,494398,478641,1.00474328542629,0,34966253,34970993,13030,131813639,30218,,,,,,,
approximate-astar_05,0,44953388,5267949332,826149,2091254,0.5,220.461,,263667,35122,723886:0,99766:0,366946,361936,1.00621918514415,0,15359250,15366318,8911,57650570,12442,,,,,,,
approximate-astar_05,0,44953388,5267949332,826149,2091254,0.5,220.461,,264194,150834,725418:0,413361:0,546819,454664,1.00562379427727,0,22457961,22464117,9048,83802367,17702,,,,,,,
approximate-astar_05,0,44953388,5267949332,826149,2091254,0.5,220.461,,267291,194524,734531:0,527937:0,1517830,1467280,1.00753411927141,0,54559762,54563740,14107,204284262,46122,,,,,,,
approximate-astar_05,0,44953388,5267949332,826149,2091254,0.5,220.461,,269468,193105,740664:0,524270:0,246009,242744,1.00673176081583,0,14537659,14543653,7160,54619615,11789,,,,,,,
approximate-astar_05,0,44953388,5267949332,826149,2091254,0.5,220.461,,270068,60551,742333:0,170025:0,1849220,1832310,1.00689880482426,0,47988836,47994951,12147,178352891,38503,,,,,,,
approximate-astar_05,0,44953388,5267949332,826149,2091254,0.5,220.461,,271975,300368,747952:0,833447:0,314982,271911,1.0046503616948,0,19578766,19586836,10569,72785763,15751,,,,,,,
approximate-astar_05,0,44953388,5267949332,826149,2091254,0.5,220.461,,274010,106633,754944:0,297386:0,538740,507512,1.00674226172234,0,17836958,17842969,7622,67000364,14110,,,,,,,
approximate-astar_05,0,44953388,5267949332,826149,2091254,0.5,220.461,,280588,266470,776429:0,732336:0,255353,253661,1.00660682679155,0,23762211,23771671,12798,89605970,20543,,,,,,,
approximate-astar_05,0,44953388,5267949332,826149,2091254,0.5,220.461,,283317,67096,784311:0,188196:0,3162520,3098180,1.00693467144686,0,57570910,57572907,12415,214440484,46329,,,,,,,
approximate-astar_05,0,44953388,5267949332,826149,2091254,0.5,220.461,,283364,205546,784438:0,559649:0,2971190,2434750,1.00584646842162,0,52028622,52037083,11625,193956763,41683,,,,,,,
approximate-astar_05,0,44953388,5267949332,826149,2091254,0.5,220.461,,284500,97590,787683:0,272290:0,1404740,1321620,1.00766107628079,0,23838003,23842422,7397,89023957,18939,,,,,,,
approximate-astar_05,0,44953388,5267949332,826149,2091254,0.5,220.461,,286468,230337,793245:0,628617:0,589323,552230,1.00674267479364,0,3993102,3996723,3865,14911923,2979,,,,,,,
approximate-astar_05,0,44953388,5267949332,826149,2091254,0.5,220.461,,293928,244940,814275:0,669948:0,2638190,2577540,1.00669299601244,0,35315214,35320006,8067,131764702,27784,,,,,,,
approximate-astar_05,0,44953388,5267949332,826149,2091254,0.5,220.461,,295924,52636,819874:0,148747:0,522222,511520,1.00848739057639,0,1779995,1782258,4791,6690595,1320,,,,,,,
approximate-astar_05,0,44953388,5267949332,826149,2091254,0.5,220.461,,299114,158316,829182:0,432784:0,740564,712706,1.00622296136873,0,46607992,46610080,11147,173544829,38151,,,,,,,
approximate-astar_05,0,44953388,5267949332,826149,2091254,0.5,220.461,,301212,140855,836119:0,386751:0,286678,279300,1.00570069425686,0,8868352,8875498,8644,33152201,6917,,,,,,,
approximate-astar_05,0,44953388,5267949332,826149,2091254,0.5,220.461,,307169,66758,853802:0,187260:0,1912720,1853710,1.00520280425894,0,56474485,56475239,15047,211628918,47230,,,,,,,
approximate-astar_05,0,44953388,5267949332,826149,2091254,0.5,220.461,,30741,28355,86876:0,80222:0,424197,345722,1.00576862890147,0,29150767,29160366,10438,108605735,23844,,,,,,,
approximate-astar_05,0,44953388,5267949332,826149,2091254,0.5,220.461,,307515,196385,854868:0,533120:0,955195,914072,1.00549593988888,0,48522483,48525052,11638,181342955,40548,,,,,,,
approximate-astar_05,0,44953388,5267949332,826149,2091254,0.5,220.461,,312683,286715,870974:0,793956:0,1377380,1349800,1.00723959399772,0,50783856,50786506,10352,190469214,42031,,,,,,,
approximate-astar_05,0,44953388,5267949332,826149,2091254,0.5,220.461,,313705,60,874197:0,177:0,235803,232499,1.00761470124476,0,19307480,19317243,10596,72260748,15664,,,,,,,
approximate-astar_05,0,44953388,5267949332,826149,2091254,0.5,220.461,,33339,251565,94300:0,688653:0,708318,670723,1.00669692981583,0,26814958,26822152,9567,100679105,21598,,,,,,,
approximate-astar_05,0,44953388,5267949332,826149,2091254,0.5,220.461,,45717,285563,129540:0,790673:0,1348010,1304620,1.00510002460538,0,52267907,52269944,12876,195123278,42716,,,,,,,
approximate-astar_05,0,44953388,5267949332,826149,2091254,0.5,220.461,,46058,2626,130476:0,7393:0,1723430,1713890,1.00541962733499,0,54874566,54880260,11440,204172712,44669,,,,,,,
approximate-astar_05,0,44953388,5267949332,826149,2091254,0.5,220.461,,51477,177553,145539:0,482317:0,448412,432388,1.00642803917872,0,18723569,18732614,13115,69642300,14920,,,,,,,
approximate-astar_05,0,44953388,5267949332,826149,2091254,0.5,220.461,,54725,157558,154329:0,430633:0,949034,907417,1.00721154611516,0,48375344,48378202,10147,181208039,40294,,,,,,,
approximate-astar_05,0,44953388,5267949332,826149,2091254,0.5,220.461,,55240,213731,155730:0,582711:0,188549,171069,1.00874194152422,0,8325932,8330417,7648,31283719,6733,,,,,,,
approximate-astar_05,0,44953388,5267949332,826149,2091254,0.5,220.461,,56910,291244,160222:0,807159:0,471244,452334,1.00568311561928,0,35532546,35537041,9954,134107933,30433,,,,,,,
approximate-astar_05,0,44953388,5267949332,826149,2091254,0.5,220.461,,57661,173531,162177:0,471817:0,1044820,991375,1.00708454220363,0,49033277,49035389,8596,184822378,40816,,,,,,,
approximate-astar_05,0,44953388,5267949332,826149,2091254,0.5,220.461,,61451,155501,172533:0,425179:0,377948,362148,1.00633974763491,0,20754328,20760366,8760,77571490,16962,,,,,,,
approximate-astar_05,0,44953388,5267949332,826149,2091254,0.5,220.461,,64659,220476,181389:0,601666:0,2520450,2501330,1.00576616121309,0,58471495,58472491,11416,218001475,47625,,,,,,,
approximate-astar_05,0,44953388,5267949332,826149,2091254,0.5,220.461,,65620,79082,184007:0,221404:0,297435,226369,1.00576199316271,0,8924875,8929060,7280,33574362,7133,,,,,,,
approximate-astar_05,0,44953388,5267949332,826149,2091254,0.5,220.461,,68148,150537,191184:0,412526:0,671448,581423,1.006609808422,0,32007513,32016075,11087,120336255,26071,,,,,,,
approximate-astar_05,0,44953388,5267949332,826149,2091254,0.5,220.461,,68309,264183,191633:0,725380:0,653201,550201,1.00535614517616,0,40977662,40981624,10683,154024473,34859,,,,,,,
approximate-astar_05,0,44953388,5267949332,826149,2091254,0.5,220.461,,68393,193227,191860:0,524545:0,3046600,3000730,1.00479541961571,0,56980621,56982474,9120,214748261,46534,,,,,,,
approximate-astar_05,0,44953388,5267949332,826149,2091254,0.5,220.461,,70900,271211,198831:0,745455:0,2260350,2198280,1.00846353585737,0,17919644,17921283,7221,66734069,13716,,,,,,,
approximate-astar_05,0,44953388,5267949332,826149,2091254,0.5,220.461,,73031,303368,204813:0,842842:0,323608,303342,1.00794249014197,0,29856802,29862605,13076,112532492,26074,,,,,,,
approximate-astar_05,0,44953388,5267949332,826149,2091254,0.5,220.461,,74375,173016,208548:0,470379:0,606821,562876,1.00779904504879,0,45908423,45910992,13994,172106293,39436,,,,,,,
approximate-astar_05,0,44953388,5267949332,826149,2091254,0.5,220.461,,77928,304638,218274:0,846370:0,1355050,1258780,1.00957383400387,0,47155009,47167549,12542,175654405,38189,,,,,,,
approximate-astar_05,0,44953388,5267949332,826149,2091254,0.5,220.461,,80408,139274,224991:0,382675:0,1619400,1590210,1.00717097775318,0,45855298,45862625,9995,170532701,36741,,,,,,,
approximate-astar_05,0,44953388,5267949332,826149,2091254,0.5,220.461,,82301,195089,230247:0,529518:0,1450460,1269520,1.00509316684106,0,53113343,53115364,11708,198219426,43468,,,,,,,
approximate-astar_05,0,44953388,5267949332,826149,2091254,0.5,220.461,,84312,151633,235843:0,415425:0,391965,348837,1.0062123759771,0,20123634,20130724,10157,76540141,17414,,,,,,,
approximate-astar_05,0,44953388,5267949332,826149,2091254,0.5,220.461,,87720,268776,245361:0,738719:0,193275,192129,1.00596474243867,0,16393618,16403126,10350,61272606,13283,,,,,,,
approximate-astar_05,0,44953388,5267949332,826149,2091254,0.5,220.461,,90548,280371,253348:0,775611:0,185635,169930,1.00660459719006,0,4828935,4831373,5483,18191338,3714,,,,,,,
approximate-astar_05,0,44953388,5267949332,826149,2091254,0.5,220.461,,90790,252414,254051:0,690825:0,203955,200035,1.00656881711939,0,15004673,15009783,8979,56399036,12429,,,,,,,
approximate-astar_05,0,44953388,5267949332,826149,2091254,0.5,220.461,,96677,147337,269891:0,403865:0,399449,362019,1.00733595601957,0,35482335,35490322,12083,132468364,30050,,,1.01656720449913,1.00661015543783,,49401,28019.46
